theme,date,view,num
['招聘博士/副研究员年薪45万+，博士后30万+/深圳职业技术学院'],['2022-01-04'],['34'],['0']
['西南医科大学2022年诚聘海内外英才'],['2022-01-04'],['22'],['0']
['台州学院高等研究院大数据智能医疗研究所招聘启事'],['2022-01-04'],['19'],['0']
['深圳大学食品科学与加工研究中心吴奇院士团队招聘博士后公告'],['2022-01-04'],['19'],['0']
['2022年南通市通州区公开选调优秀青年人才简章'],['2022-01-04'],['151'],['0']
['重磅来袭，百万揽才｜巢湖学院2021-2022年人才引进公告'],['2022-01-04'],['87'],['0']
['南方科技大学电子系Aung Ko Ko Kyaw课题组招收材料研发实习生启事'],['2022-01-04'],['65'],['0']
['烟台先进材料与绿色制造山东省实验室2021年公开招聘工作人员简章'],['2022-01-04'],['52'],['0']
['湘潭大学2021年诚聘海内外人才'],['2022-01-04'],['53'],['0']
['烟台东方威思顿电气有限公司2022届校园招聘简章'],['2022-01-04'],['44'],['0']
['四川轻化工大学2022年人才引进政策'],['2022-01-03'],['131'],['0']
['2022年潍坊市“才聚鸢都·博士潍坊行”暨潍坊学院第五届博士“鸢都行”活动的通知'],['2022-01-02'],['335'],['0']
['常州工学院2021-2022年人才招聘'],['2022-01-02'],['301'],['0']
['成都航空职业技术学院2022年人才（硕士、博士）招聘公告'],['2021-12-31'],['525'],['0']
['渤海大学长年诚聘博士及在读博士'],['2021-12-31'],['355'],['0']
['中共河北省委党校（河北行政学院）2021年诚聘英才'],['2021-12-31'],['315'],['0']
['中国地震局地球物理研究所高层次人才引进公告'],['2021-12-31'],['334'],['0']
['深部岩土力学国家重点实验室诚聘博士'],['2021-12-30'],['376'],['0']
['浪潮集团2022届校园招聘秋招补招'],['2021-12-30'],['404'],['0']
['广东机电职业技术学院、广东省博士工作站2022年博士研究生招聘公告'],['2021-12-30'],['302'],['0']
['南通大学电气工程学院诚聘海内外英才'],['2021-12-30'],['310'],['0']
['中国科学院长春应用化学研究所2022年度招聘启事'],['2021-12-30'],['282'],['0']
['河北农业大学2022年选聘博士公告'],['2021-12-30'],['267'],['0']
['中国科学院微生物所病毒感染与免疫相关博士后岗招聘'],['2021-12-30'],['265'],['0']
['中国水产科学研究院黄海水产研究所2022年公开招聘工作人员公告'],['2021-12-30'],['256'],['0']
['浙江大学机械设计研究所2021年招聘副研究员、博士后'],['2021-12-30'],['260'],['0']
['2022年春季全国研究生专场巡回招聘会暨国防军工类 专场招聘会——电子科技大学站'],['2021-12-30'],['161'],['0']
['2021年吉利学院冬季校园招聘'],['2021-12-30'],['120'],['0']
['格力电器2022届春季校园招聘提前批'],['2021-12-30'],['94'],['0']
['启明信息技术股份有限公司2022年校园招聘简章'],['2021-12-30'],['87'],['0']
['广东省智能科学与技术研究院2021年招聘公告'],['2021-12-30'],['71'],['0']
['航天行云（航天科工四院卫星总体单位）2022年度校园招聘'],['2021-12-29'],['336'],['0']
['西安电子科技大学期刊中心2022年其他专技岗位招聘公告'],['2021-12-29'],['159'],['0']
['重庆邮电大学2022年招聘启事'],['2021-12-29'],['129'],['0']
['中国热带农业科学院南亚热带作物研究所 湛江实验站2022年第一批公开招聘工作人员公告（第1号）'],['2021-12-29'],['54'],['0']
['深圳市坪山区科技创新局生物医药类专业特聘博士招聘公告'],['2021-12-29'],['52'],['0']
['清华大学材料课题组招聘热电/热障/结构陶瓷博士后'],['2021-12-29'],['46'],['0']
['中国热带农业科学院公开招聘公告'],['2021-12-29'],['39'],['0']
['山西医科大学刘鹏教授课题组招聘研究员、博士后、科研助理等研究人员'],['2021-12-29'],['43'],['0']
['山东省科技发展战略研究所2022年人才招聘'],['2021-12-29'],['48'],['0']
['西安电子科技大学空间科学与技术学院2021年教师岗位招聘启事'],['2021-12-29'],['61'],['0']
['海南医学院2021-2022学年博士及硕士高级职称人才公开招聘公告'],['2021-12-28'],['134'],['0']
['中国天辰工程有限公司2022年校园招聘'],['2021-12-28'],['138'],['0']
['武汉东湖学院高层次（高学历）人才招聘公告'],['2021-12-28'],['63'],['0']
['厦门工学院2022年海内外高层次人才招聘启事'],['2021-12-28'],['60'],['0']
['山东省科学院海洋仪器仪表研究所齐鲁工业大学（山东省科学院）海洋技术科学学院招聘信息'],['2021-12-28'],['52'],['0']
['苏州系统医学研究所2022年招聘'],['2021-12-28'],['77'],['0']
['江苏科技大学2022年诚聘海内外优秀人才'],['2021-12-28'],['82'],['0']
['中科南京智能技术研究院招聘简章'],['2021-12-28'],['66'],['0']
['中国铝业集团有限公司 2022年应届高校毕业生招聘公告'],['2021-12-28'],['70'],['0']
['长三角腹地-常州工学院2021年人才招聘启事'],['2021-12-27'],['99'],['0']
['浙江师范大学2021年专任教师招聘公告'],['2021-12-27'],['88'],['0']
['深圳大学广东省海洋藻类开发与应用工程重点实验室博士后招聘'],['2021-12-27'],['57'],['0']
['西南医科大学2022年诚聘海内外英才'],['2021-12-27'],['75'],['0']
['南方医科大学南方医院—杰青团队博士后招聘'],['2021-12-27'],['45'],['0']
['烟台东方威思顿电气有限公司2022届校园招聘简章'],['2021-12-27'],['64'],['0']
['中国科学院国家空间科学中心2022年应届生招聘启事'],['2021-12-27'],['97'],['0']
['中国科学院国家空间科学中心2022年特别研究助理招聘启事'],['2021-12-27'],['69'],['0']
['OPPO日常实习生招聘-应用测试实习生(成都）'],['2021-12-27'],['72'],['0']
['吉林外国语大学2022年面向海内外招聘人才公告'],['2021-12-26'],['73'],['0']
['中国水产科学研究院珠江水产研究所2022年公开招聘公告'],['2021-12-25'],['253'],['0']
['山东大学生态环境损害鉴定研究院2022年诚聘海内外优秀人才'],['2021-12-25'],['149'],['0']
['2022年杭州市钱塘区党政储备 人才招聘公告'],['2021-12-24'],['278'],['0']
['中国石油大学（北京）克拉玛依校区 2022年度招聘简章'],['2021-12-24'],['193'],['0']
['中关村发展集团2022年校园招聘及博士后招聘公告'],['2021-12-24'],['167'],['0']
['北京工业大学先进电池材料与器件研究所（尉海军教授课题组）2021-2022年人才招聘'],['2021-12-24'],['153'],['0']
['广东机电职业技术学院、广东省博士工作站2022年博士研究生招聘公告'],['2021-12-24'],['135'],['0']
['中国科学院长春应用化学研究所2022年度招聘启事'],['2021-12-24'],['118'],['0']
['南通大学电气工程学院诚聘海内外英才'],['2021-12-24'],['121'],['0']
['闽江学院2021下半年度高层次人才招聘公告'],['2021-12-24'],['110'],['0']
['河北农业大学2022年选聘博士公告'],['2021-12-24'],['110'],['0']
['深圳综合粒子设施研究院校园招聘公告'],['2021-12-24'],['125'],['0']
['仰恩大学2021年招聘启事'],['2021-12-24'],['132'],['0']
['南科大电子与电气工程系丛龙庆课题组高薪诚聘博士后'],['2021-12-24'],['112'],['0']
['中国电子科技集团公司第九研究所2021-2022年校园招聘'],['2021-12-23'],['463'],['0']
['中科院兰州化物所2022年人才招聘启事'],['2021-12-23'],['168'],['0']
['中山大学土木工程学院2021年诚聘海内外英才'],['2021-12-23'],['97'],['0']
['天津大学“生物信息测量与生物制造实验室”诚聘英才'],['2021-12-23'],['81'],['0']
['中共安徽省委党校（安徽行政学院） 2021年度公开招聘博士公告'],['2021-12-23'],['95'],['0']
['中国电子科技集团公司第十一研究所招聘'],['2021-12-23'],['151'],['0']
['南科大电子与电气工程系张宏课题组高薪诚聘博士后'],['2021-12-23'],['71'],['0']
['淮阴工学院2021年人才招聘政策及计划'],['2021-12-22'],['104'],['0']
['不负韶华 共筑梦想-枣庄学院2021年人才招聘启事'],['2021-12-22'],['92'],['0']
['中国船舶第八研究院（扬州院区·原七二三所）诚聘人才公告'],['2021-12-22'],['156'],['0']
['中铁信托博士后创新实践基地2022年招收博士后研究人员招收简章'],['2021-12-22'],['83'],['0']
['北京航空航天大学虚拟现实技术与系统国家重点实验室2021年专职工程师招聘公告'],['2021-12-22'],['110'],['0']
['嘉应学院2022年人才招聘启事'],['2021-12-22'],['65'],['0']
['重庆工程学院2022年高层次人才招聘简章'],['2021-12-22'],['92'],['0']
['重庆邮电大学2022年招聘启事'],['2021-12-22'],['101'],['0']
['中国热带农业科学院南亚热带作物研究所 湛江实验站 2022年第一批公开招聘工作人员公告（第1号）'],['2021-12-22'],['45'],['0']
['2021下半年浙江农林大学招聘公告'],['2021-12-22'],['46'],['0']
['材料科学姑苏实验室博士后招聘公告'],['2021-12-22'],['45'],['0']
['浙江大学王绪化团队招聘博士后和科研助理'],['2021-12-22'],['39'],['0']
['福建工程学院2022年师资招聘计划'],['2021-12-22'],['54'],['0']
['2022安科瑞电气招聘简章'],['2021-12-22'],['71'],['0']
['华夏银行成都分行2022年校园招聘启事'],['2021-12-22'],['197'],['0']
['南方科技大学自动化学科青年学者论坛·2022'],['2021-12-22'],['45'],['0']
['大华股份2022届校招补招末班车'],['2021-12-21'],['199'],['0']
['湖南省融资担保集团2022校园招聘简章'],['2021-12-21'],['72'],['0']
['福州大学博士后科研流动站2022年人才招聘计划'],['2021-12-21'],['64'],['0']
['行业第一，宇通集团2022年应届毕业生管培生招聘简章'],['2021-12-21'],['89'],['0']
['武汉东湖学院高层次（高学历）人才招聘公告'],['2021-12-21'],['67'],['0']
['山东省科学院海洋仪器仪表研究所齐鲁工业大学（山东省科学院）海洋技术科学学院招聘'],['2021-12-21'],['53'],['0']
['南方科技大学第一附属医院医药健康科研团队博士后、研究助理及科研秘书招聘'],['2021-12-21'],['51'],['0']
['国家超级计算深圳中心2021年招聘简章'],['2021-12-21'],['74'],['0']
['中山大学软件工程学院2022年高层次人才招聘启事'],['2021-12-21'],['44'],['0']
['上海交通大学微纳工程科学重点实验室2021-2022年招聘简章'],['2021-12-21'],['40'],['0']
['澳门城市大学全職學術人員招聘'],['2021-12-21'],['50'],['0']
['安徽师范大学2021年度人才招聘公告'],['2021-12-21'],['42'],['0']
['浙江越秀外国语学院2021年高层次人才引进公告'],['2021-12-21'],['36'],['0']
['南方科技大学电子与电气工程系张宏课题组招收科研助理启事'],['2021-12-21'],['42'],['0']
['潍坊科技学院人才招聘'],['2021-12-21'],['45'],['0']
['南宁职业技术学院2021年第二批公开招聘工作人员公告'],['2021-12-20'],['75'],['0']
"['深圳大学食品科学与加工研究中吴奇院士团队招聘博士后公告（分子生物学, 高分子，化学工程和食品专业）']",['2021-12-20'],['42'],['0']
['台州学院高等研究院大数据智能医疗研究所招聘启事'],['2021-12-20'],['58'],['0']
['广州华夏职业学院2022年招聘公告'],['2021-12-20'],['63'],['0']
['西南医科大学2022年诚聘海内外英才'],['2021-12-20'],['64'],['0']
['深圳综合粒子设施研究院校园招聘公告'],['2021-12-20'],['68'],['0']
['桂林医学院2022年诚聘英才'],['2021-12-20'],['41'],['0']
['衢州职业技术学院高层次人才引进公告'],['2021-12-20'],['47'],['0']
['浙江工业大学之江学院2021年高层次人才招聘公告'],['2021-12-20'],['55'],['0']
['南方科技大学电子与电气工程系实验教学类招聘启事'],['2021-12-20'],['49'],['0']
['烟台东方威思顿电气有限公司2022届校园招聘简章'],['2021-12-20'],['48'],['0']
['立德树人育桃李 砥砺前行谱新篇-潍坊医学院2021-2022年诚聘海内外优秀博士'],['2021-12-19'],['57'],['0']
['桂林理工大学2021年诚聘海内外人才'],['2021-12-19'],['85'],['0']
['广西师范大学2021年人才招聘公告'],['2021-12-19'],['71'],['0']
['中国科学院新疆理化技术研究所2021年人才招聘启事'],['2021-12-19'],['65'],['0']
['攀枝花学院2021年第五批直接考核招聘高层次人才公告'],['2021-12-18'],['77'],['0']
['行业第一，宇通集团2022年应届毕业生管培生招聘简章'],['2021-12-17'],['161'],['0']
['河北农业大学2022年选聘博士公告'],['2021-12-17'],['62'],['0']
['闽江学院2022下半年度硕士研究生岗位（编制内）招聘公告'],['2021-12-17'],['68'],['0']
['南通大学电气工程学院诚聘海内外英才'],['2021-12-17'],['53'],['0']
['中国科学院长春应用化学研究所2022年度招聘启事'],['2021-12-17'],['54'],['0']
['暨南大学附属第一医院最高年薪66万+招聘博士后'],['2021-12-17'],['46'],['0']
['广东机电职业技术学院、广东省博士工作站2022年博士研究生招聘公告'],['2021-12-17'],['43'],['0']
['国科宁波生命与健康产业研究院2021年面向海内外诚聘高层次人才'],['2021-12-17'],['35'],['0']
['中国科学院成都文献情报中心2022年特别研究助理招聘启事'],['2021-12-17'],['86'],['0']
['内蒙古科技大学机械工程学院博（硕）士及高层次人才招聘'],['2021-12-17'],['41'],['0']
['国资委直管央企华录集团总部2022年校园招聘'],['2021-12-17'],['120'],['0']
['南方科技大学林志赟教授课题组招聘科研助理'],['2021-12-17'],['41'],['0']
['北京国望“科研、管理工程师”招募'],['2021-12-17'],['48'],['0']
['中国科学院成都文献情报中心2022年优秀人才招聘启事'],['2021-12-17'],['64'],['0']
['中共深圳市光明区委党校2022年1月公开选聘教师公告'],['2021-12-16'],['94'],['0']
['深圳大学-华中科技大学光子集成与光通信方向联合招聘博士后'],['2021-12-16'],['66'],['0']
['重庆邮电大学高层次人才招聘'],['2021-12-16'],['116'],['0']
['东南大学脑科学与智能技术研究院招聘启事'],['2021-12-16'],['68'],['0']
['绵阳仲裁委员会秘书处2022年度招聘公告'],['2021-12-16'],['88'],['0']
['山西工商学院2022年人才引进公告'],['2021-12-16'],['47'],['0']
['中国网安（含中国电科三十所）2022届秋招补录'],['2021-12-16'],['140'],['0']
['广东电网有限责任公司2022年博士后人员招聘启事'],['2021-12-16'],['118'],['0']
['中国石化大连石油化工研究院全球招聘人才公告'],['2021-12-15'],['79'],['0']
['中科南京智能技术研究院招聘简章'],['2021-12-15'],['132'],['0']
['济宁医学院附属医院2022年度公开招聘博士研究生公告'],['2021-12-15'],['51'],['0']
['中国久远高新技术装备有限公司2022招聘简章'],['2021-12-15'],['125'],['0']
['上海人工智能实验室招聘公告'],['2021-12-15'],['106'],['0']
['超星集团秋季校园招聘'],['2021-12-14'],['169'],['0']
['青岛大学青岛医学院2021年人才招聘公告'],['2021-12-14'],['59'],['0']
['2022威高（苏州）医疗器械研究院有限公司秋季招聘'],['2021-12-14'],['62'],['0']
['美国路易斯安那州立大学医学院招聘博士后'],['2021-12-14'],['57'],['0']
['中国石化上海石油化工研究院2021-2022年度人才招聘'],['2021-12-14'],['82'],['0']
['中国电子科技集团公司第十二研究所招聘'],['2021-12-14'],['252'],['0']
['中国工程物理研究院 研究生院诚聘英才'],['2021-12-14'],['146'],['0']
['剑阁县2021年公开引进高层次人才和招聘急需紧缺专业人才（剑阁县市场监督管理局）'],['2021-12-14'],['110'],['0']
['南方科技大学计算机科学与工程系2022年实验教学人员招聘启事'],['2021-12-14'],['60'],['0']
['鹏城实验室媒体与交互部2021年招聘人才引进专题'],['2021-12-14'],['56'],['0']
['西安建筑科技大学2021年教师招聘公告'],['2021-12-14'],['52'],['0']
['南方科技大学嘉兴研究院“智能电子装备创新中心”公开招聘研究人员'],['2021-12-14'],['47'],['0']
['青岛大学转化医学研究院高薪诚聘海内外优秀青年人才'],['2021-12-13'],['45'],['0']
['ASM先进科技2022校园招聘补录'],['2021-12-13'],['225'],['0']
['加入“浙”里 携手共进-绍兴文理学院2021-2022年诚聘海内外英才'],['2021-12-13'],['62'],['0']
['台州学院高等研究院——智能信息处理研究所招聘启事'],['2021-12-13'],['69'],['0']
['深圳大学广东省海洋藻类开发与应用工程重点实验室博士后招聘'],['2021-12-13'],['43'],['0']
['重庆大学二级单位招聘项目管理人员'],['2021-12-13'],['90'],['0']
['2022年杭州市钱塘区党政储备 人才招聘公告'],['2021-12-13'],['63'],['0']
['广西电力职业技术学院2021年博士人才专项招聘公告'],['2021-12-13'],['73'],['0']
['烟台东方威思顿电气有限公司2022届校园招聘简章'],['2021-12-13'],['51'],['0']
['揽英才 金陵科技学院招才引智 诚邀您的加盟'],['2021-12-12'],['100'],['0']
['民航机场成都电子工程设计有限责任公司2022年校园招聘'],['2021-12-12'],['214'],['0']
['黄河科技学院招聘公告2021年黄河科技学院博士招聘公告'],['2021-12-11'],['94'],['0']
['成都纺织高等专科学校2022年人才招聘公告'],['2021-12-10'],['276'],['0']
['岭南现代农业科学与技术广东省实验室植物生殖发育和大豆种质资源创新团队招聘公告'],['2021-12-10'],['50'],['0']
['暨南大学附属第一医院最高年薪66万+招聘博士后'],['2021-12-10'],['58'],['0']
['中国科学院长春应用化学研究所2022年度招聘启事'],['2021-12-10'],['60'],['0']
['香港中文大学（深圳）诚聘海内外优秀人才'],['2021-12-10'],['62'],['0']
['沈阳城投集团2022年“麒麟担当”校园招聘'],['2021-12-10'],['46'],['0']
['南通大学电气工程学院诚聘海内外英才'],['2021-12-10'],['47'],['0']
['闽江学院2022下半年度硕士研究生岗位（编制内）招聘公告'],['2021-12-10'],['52'],['0']
['河北农业大学2021年选聘博士公告'],['2021-12-10'],['29'],['0']
['2022年石河子大学生命科学学院公开招聘教师简章'],['2021-12-10'],['39'],['0']
['南方科技大学电子系青年学者论坛·2022'],['2021-12-10'],['53'],['0']
['中科院微电子所低功耗智能芯片与系统团队多岗位招聘'],['2021-12-10'],['88'],['0']
['苏州臻芯微电子有限公司2022届校招职位信息'],['2021-12-10'],['69'],['0']
['贵州医科大学2021年面向全球招聘博士后公告'],['2021-12-09'],['59'],['0']
['中国热带农业科学院南亚热带作物研究所湛江站实验站2021年第六批博士研究生人员公开招聘公告'],['2021-12-09'],['49'],['0']
['重庆邮电大学2021-2022年招聘启事'],['2021-12-09'],['130'],['0']
['重庆工程学院2021年高层次人才招聘简章'],['2021-12-09'],['78'],['0']
['嘉应学院2021-2022年人才招聘启事'],['2021-12-09'],['54'],['0']
['厦门大学嘉庚学院2021-2022学年人才招聘启事'],['2021-12-09'],['49'],['0']
['深圳十沣科技2022届校园招聘'],['2021-12-09'],['56'],['0']
['材料科学姑苏实验室博士后招聘公告'],['2021-12-09'],['37'],['0']
['浙江大学王绪化团队招聘博士后和科研助理'],['2021-12-09'],['35'],['0']
['2022年战略支援部队驻南部某部队直接选拔 军官计划公告'],['2021-12-09'],['216'],['0']
['广东以色列理工学院招聘简章'],['2021-12-09'],['73'],['0']
['烟台先进材料与绿色制造山东省实验室2021年公开招聘工作人员简章'],['2021-12-09'],['65'],['0']
['国防大学军事文化学院2022年文职人员招聘预告'],['2021-12-09'],['93'],['0']
['多益网络2022届校园招聘补录'],['2021-12-08'],['104'],['0']
['浙大宁波理工学院计算机与数据工程学院2021年招聘公告'],['2021-12-08'],['70'],['0']
['广元市利州区关于2021年公开引进高层次和急需紧缺人才的公告'],['2021-12-08'],['150'],['0']
['【甘肃国企】金川集团面向电子科技大学秋季招聘信息'],['2021-12-08'],['83'],['0']
['苏州雄立科技有限公司2022届校园招聘'],['2021-12-08'],['63'],['0']
['中国科学院长春光学精密机械与物理研究所 博士毕业生专场招聘（暨空中宣讲）公告'],['2021-12-07'],['68'],['0']
['海军航空大学2022年面向社会公开招考文职人员'],['2021-12-07'],['128'],['0']
['海军航空大学2022年面向社会招考文职'],['2021-12-07'],['66'],['0']
['云南民族大学马克思主义学院2021年人才招聘公告'],['2021-12-07'],['56'],['0']
['中国科学院成都生物研究所2021年秋冬季博士人才线上视频双选会'],['2021-12-07'],['79'],['0']
['空军工程大学航空工程学院2022年全军面向社会公开招考文职人员岗位计划'],['2021-12-07'],['70'],['0']
['文职招聘'],['2021-12-07'],['102'],['0']
['江苏省东海县2022年部分事业单位赴高校公开招聘高层次人才公告'],['2021-12-07'],['50'],['0']
['大湾区之光，由你点亮！ ——深圳综合粒子设施研究院校园招聘公告'],['2021-12-07'],['97'],['0']
['闽江学院2021下半年度硕士研究生岗位 （编制内）招聘公告'],['2021-12-07'],['89'],['0']
['东北农业大学2021年下半年人才公开招聘公告'],['2021-12-07'],['54'],['0']
['闽南师范大学2021年诚纳英才'],['2021-12-07'],['54'],['0']
['南京工业大学第四届“探•智”国际青年学者论坛-电控学院分论坛诚邀海内外英才参加'],['2021-12-07'],['50'],['0']
['南方科技大学第一附属医院医药健康科研团队博士后、研究助理及科研秘书招聘'],['2021-12-07'],['32'],['0']
['安庆师范大学2021年公开招聘高层次人才公告'],['2021-12-07'],['49'],['0']
['烟台东方威思顿电气有限公司2022届校园招聘简章'],['2021-12-07'],['34'],['0']
['深圳大学食品科学与加工研究中心深圳大学吴奇院士团队招聘副研究员/研究员'],['2021-12-06'],['48'],['0']
['台州学院高等研究院大数据智能医疗研究所招聘启事'],['2021-12-06'],['45'],['0']
['山东省科学院海洋仪器仪表研究所齐鲁工业大学（山东省科学院）海洋技术科学学院招聘'],['2021-12-06'],['53'],['0']
['广州华夏职业学院2021年高层次人才招聘公告'],['2021-12-06'],['49'],['0']
['西南医科大学2021年诚聘海内外英才'],['2021-12-06'],['58'],['0']
['上海交通大学重庆研究院软件博士后招聘'],['2021-12-06'],['42'],['0']
['中国科学院微电子研究所低功耗智能芯片与系统团队招聘'],['2021-12-06'],['73'],['0']
['上海交通大学重庆研究院建筑遗产保护中心博士后招聘'],['2021-12-06'],['30'],['0']
['福建省某政法单位招考公告'],['2021-12-06'],['116'],['0']
['2021“智荟齐鲁”全球博士线上对接洽谈会诚邀海内外英才'],['2021-12-06'],['38'],['0']
['陆军装备部驻重庆地区军事代表局文职人员招聘'],['2021-12-06'],['229'],['0']
['战略支援部队某部招收军官和文职'],['2021-12-05'],['334'],['0']
['赓续百年初心，担当育人使命-青岛理工大学2021年公开招聘工作人员简章（长期招聘）'],['2021-12-05'],['79'],['0']
['科技引领 布局未来-清源创新实验室2021-2022年诚聘海内外人才'],['2021-12-05'],['87'],['0']
['百星微电子人才招聘公告'],['2021-12-05'],['63'],['0']
['“权威发布”国防科技大学2022年公开招考文职人员计划'],['2021-12-04'],['130'],['0']
['苏州经贸职业技术学院2021年诚聘人才'],['2021-12-04'],['80'],['0']
['成都市新都区悦动新城学校招聘'],['2021-12-03'],['201'],['0']
['福医引才 “医”路同行-福建医科大学博士师资招聘公告（常年有效）'],['2021-12-03'],['52'],['0']
['在浙里 职面未来-浙江建设职业技术学院2021年人才招聘公告'],['2021-12-03'],['66'],['0']
['2022年海军潜艇学院人才引进重磅来袭'],['2021-12-03'],['85'],['0']
['闽江学院2021下半年度硕士研究生岗位（编制内）招聘公告'],['2021-12-03'],['47'],['0']
['暨南大学附属第一医院最高年薪66万+招聘博士后'],['2021-12-03'],['30'],['0']
['（浙江）丽水学院2021年下半年人才招聘启事'],['2021-12-03'],['37'],['0']
['中国科学院长春应用化学研究所2021年度招聘启事'],['2021-12-03'],['29'],['0']
['香港中文大学（深圳）诚聘海内外优秀人才'],['2021-12-03'],['46'],['0']
['南通大学电气工程学院诚聘海内外英才'],['2021-12-03'],['41'],['0']
['河北农业大学2021年选聘博士公告'],['2021-12-03'],['33'],['0']
['天津工业生物技术研究所张玲玲课题组科研人员招聘启事'],['2021-12-03'],['29'],['0']
['重庆理工大学期刊社2021年招聘启事'],['2021-12-03'],['46'],['0']
['台积电2022招聘简章'],['2021-12-03'],['117'],['0']
['炬光科技2022校园招聘简章'],['2021-12-03'],['62'],['0']
['中共四川省委党校四川行政学院2022年公开考核招聘专职教师公告'],['2021-12-03'],['67'],['0']
['中科天际科技股份有限公司2022年招聘简章'],['2021-12-03'],['69'],['0']
['2022年海军潜艇学院人才引进重磅来袭'],['2021-12-03'],['38'],['0']
['烟台先进材料与绿色制造山东省实验室2021年公开招聘工作人员简章'],['2021-12-03'],['36'],['0']
['中国矿业大学徐海学院2022年专任教师和专职辅导员岗位招聘启事'],['2021-12-03'],['36'],['0']
['黑龙江省自然资源权益调查监测院2021年招聘信息'],['2021-12-02'],['87'],['0']
['重庆三峡职业学院2021年下半年公开招聘在编博士、硕士研究生人才招聘简章'],['2021-12-02'],['195'],['0']
['嘉应学院2021-2022年人才招聘启事'],['2021-12-02'],['77'],['0']
['重庆邮电大学2021-2022年招聘启事'],['2021-12-02'],['142'],['0']
['中国热带农业科学院南亚热带作物研究所湛江站实验站2021年第六批博士研究生人员公开招聘公告'],['2021-12-02'],['45'],['0']
['全国中小企业股份转让系统有限责任公司 2021年下半年招聘公告'],['2021-12-02'],['54'],['0']
['化学、材料、机械、工程、信息类专利代理人助理校园招聘'],['2021-12-02'],['71'],['0']
['曼迪匹艾（武汉）科技服务有限公司2021年秋招简章'],['2021-12-01'],['100'],['0']
['曼迪匹艾（武汉）科技服务有限公司招聘信息'],['2021-12-01'],['64'],['0']
['筑绿水青山 展华清风采-河北华清环境科技集团2021-2022年度博士招聘简章'],['2021-12-01'],['64'],['0']
['中国电子科技集团公司第三十四研究所2021-2022校园招聘'],['2021-12-01'],['331'],['0']
['赓续百年初心 担当育人使命-大庆师范学院2021年下半年公开招聘教师公告'],['2021-12-01'],['50'],['0']
['山西工商学院2022年人才招聘'],['2021-12-01'],['61'],['0']
['2021年浙江大学医学院、化学系联合招聘博士后'],['2021-11-30'],['55'],['0']
['贵州省中国科学院天然产物化学重点实验室2021年 诚邀海内外高层次人才加盟'],['2021-11-30'],['80'],['0']
['材料科学姑苏实验室2022校园招聘'],['2021-11-30'],['72'],['0']
['上海电子信息职业技术学院2021年度招聘公告（第一批次）'],['2021-11-30'],['137'],['0']
['江苏开放大学诚邀广大优秀博士及各类高层次人才加入'],['2021-11-30'],['63'],['0']
['2021年南通市通州区“江海人才行” 高校毕业生秋季网络招聘会邀请函'],['2021-11-30'],['57'],['0']
['北京升宇科技有限公司招聘'],['2021-11-30'],['71'],['0']
['深圳北芯生命科技股份有限公司2022届校园招聘火热进行中'],['2021-11-30'],['72'],['0']
['浙江理工大学科技与艺术学院关于公开招聘党建工作部宣传干事的公告'],['2021-11-30'],['34'],['0']
['商丘工学院2021-2022学年教师招聘公告'],['2021-11-30'],['51'],['0']
['江西工程学院2022年人才招聘公告'],['2021-11-30'],['50'],['0']
['航天十三所2022年校园招聘启事'],['2021-11-30'],['359'],['0']
['中国科学院长春应用化学研究所2021年度招聘启事'],['2021-11-30'],['57'],['0']
['烟台东方威思顿电气有限公司2022届校园招聘简章'],['2021-11-30'],['39'],['0']
['科技兴邦 强军报国-国防科技大学第六十三研究所2021-2022年文职、博士后招收'],['2021-11-29'],['198'],['0']
['福建工程学院2022年师资招聘计划'],['2021-11-29'],['67'],['0']
['福建工程学院智慧海洋与工程研究院人才招聘启事'],['2021-11-29'],['48'],['0']
['厦门工学院2021年海内外高层次人才招聘启事'],['2021-11-29'],['43'],['0']
['闽江学院2021下半年度高层次人才招聘公告'],['2021-11-29'],['44'],['0']
['苏州系统医学研究所2021-2022年招聘'],['2021-11-29'],['46'],['0']
['江苏科技大学2021年诚聘海内外优秀人才'],['2021-11-29'],['48'],['0']
['深圳大学食品科学与加工研究中心吴奇院士团队招聘博士后公告'],['2021-11-29'],['33'],['0']
['西安外事学院2021年人才招聘公告'],['2021-11-29'],['56'],['0']
['山东电力设备有限公司2022届高校毕业生招聘简章'],['2021-11-29'],['49'],['0']
['中国贸促会专商所2022年度校园招聘'],['2021-11-29'],['36'],['0']
['信阳师范学院2021年诚聘海内外优秀人才公告'],['2021-11-29'],['40'],['0']
['粤港澳大湾区重要节点城市——惠州学院2021年招聘专任教师（博士、硕士）'],['2021-11-27'],['90'],['0']
['云南电网有限责任公司2022年博招聘'],['2021-11-27'],['129'],['0']
['南宁师范大学2021年公开招聘博士公告'],['2021-11-27'],['74'],['0']
['重庆两江新区-千名硕博汇两江引才活动'],['2021-11-27'],['237'],['0']
['光大云缴费科技有限公司2022年秋季 校园招聘启事'],['2021-11-26'],['120'],['0']
['中国船舶第七〇七研究所2022届毕业生招聘'],['2021-11-26'],['309'],['0']
['2022年海淀进校教育集团招聘'],['2021-11-26'],['90'],['0']
['深圳大学广东省海洋藻类开发与应用工程重点实验室博士后招聘'],['2021-11-26'],['59'],['0']
['台州学院高等研究院——智能信息处理研究所招聘启事'],['2021-11-26'],['71'],['0']
['广州华夏职业学院2021年招聘公告'],['2021-11-26'],['46'],['0']
['西南医科大学2021年诚聘海内外英才'],['2021-11-26'],['54'],['0']
['南方科技大学第一附属医院医药健康科研团队博士后、研究助理及科研秘书招聘'],['2021-11-26'],['35'],['0']
"['大华股份-海外营销中心 2022届秋招末端招聘集结令,最快3天斩获offer']",['2021-11-26'],['52'],['0']
['中国专利代理（香港）有限公司北京办事处2022年秋季招聘'],['2021-11-26'],['57'],['0']
['中国电子科技集团公司第十一研究所'],['2021-11-26'],['285'],['0']
['人工智能算法工程师（集团战略项目）'],['2021-11-26'],['95'],['0']
['遵义师范学院2021年公开招聘博士研究生简章'],['2021-11-26'],['42'],['0']
['华南理工大学纳米医学和生物材料团队招收博士后'],['2021-11-26'],['33'],['0']
['图灵人工智能研究院招聘邀请'],['2021-11-26'],['111'],['0']
['桂林理工大学南宁分校2022年专职学生辅导员招聘启事'],['2021-11-25'],['85'],['0']
['东华大学民用航空复合材料协同创新中心2021年招聘启事'],['2021-11-25'],['57'],['0']
['深睿医疗校招火热进行中'],['2021-11-25'],['68'],['0']
['山东理工大学2021年诚聘海内外人才'],['2021-11-25'],['72'],['0']
['北京国望—科研岗招聘'],['2021-11-25'],['114'],['0']
['华中科技大学马克思主义学院招聘启事'],['2021-11-25'],['52'],['0']
['应急管理部沈阳消防研究所2022校园招聘'],['2021-11-24'],['95'],['0']
['河北农业大学2021年选聘博士公告'],['2021-11-24'],['43'],['0']
['暨南大学附属第一医院最高年薪66万+招聘博士后'],['2021-11-24'],['47'],['0']
['（浙江）丽水学院2021年下半年人才招聘启事'],['2021-11-24'],['65'],['0']
['中国科学院长春应用化学研究所2021年度招聘启事'],['2021-11-24'],['48'],['0']
['香港中文大学（深圳）诚聘海内外优秀人才'],['2021-11-24'],['53'],['0']
['南通大学电气工程学院诚聘海内外英才'],['2021-11-24'],['34'],['0']
['深圳大学广东省海洋藻类开发与应用工程重点实验室博士后招聘'],['2021-11-24'],['45'],['0']
['北京市联德律师事务所校园招聘'],['2021-11-24'],['35'],['0']
['日立电梯2022“未来之梯与你同立”校园招聘'],['2021-11-24'],['57'],['0']
['清华四川能源互联网研究院2022届校园招聘'],['2021-11-24'],['164'],['0']
['湖北科技学院诚聘英才'],['2021-11-24'],['73'],['0']
['国防大学军事文化学院2022年文职人员招聘预告'],['2021-11-24'],['158'],['0']
['中国铁路设计集团有限公司 国家工程实验室 应届（往届）博士、博士后招聘'],['2021-11-24'],['120'],['0']
['联发科新加坡工作岗位'],['2021-11-24'],['196'],['0']
['北京七星华创精密电子科技责任有限公司 （原国营第七一八厂） 2021-2022 年度高端人才招聘'],['2021-11-24'],['78'],['0']
['广西壮族自治区委员会党校 （广西行政学院）2021年公开招聘教研人员公告'],['2021-11-23'],['76'],['0']
['12月10日 | 国内高校联合举办（第十八届）博士人才云端招聘会'],['2021-11-23'],['73'],['0']
['国家计算机网络应急技术处理协调中心西藏分中心2022年度公开招聘公告'],['2021-11-23'],['83'],['0']
['加入文理 执梦远航-四川文理学院2021年下半年考核招聘博士人才公告'],['2021-11-23'],['107'],['0']
['漳州市关于选拔引进2022届国内外优秀大学生毕业生来漳工作的公告'],['2021-11-23'],['97'],['0']
['信产集团-深圳市国电科技通信有限公司22届校园招聘'],['2021-11-23'],['67'],['0']
['中国船舶工业系统工程研究院 2022年度校园招聘'],['2021-11-23'],['101'],['0']
['战略支援部队某部招录信息'],['2021-11-23'],['423'],['0']
['江苏省2022届优秀高校毕业生和2021-2022年度博士后人才需求信息线上发布会'],['2021-11-23'],['89'],['0']
['安徽师范大学2021年度人才招聘公告'],['2021-11-23'],['74'],['0']
['首都师范大学2021年博士后科研人员招收公告'],['2021-11-23'],['64'],['0']
['国家超级计算济南中心“百千万”人才工程 诚聘优秀博士'],['2021-11-22'],['89'],['0']
['超星集团2021秋季校园招聘（全国）'],['2021-11-22'],['122'],['0']
['中国热带农业科学院南亚热带作物研究所湛江站实验站2021年第六批博士研究生人员公开招聘公告'],['2021-11-22'],['41'],['0']
['重庆邮电大学2021-2022年招聘启事'],['2021-11-22'],['120'],['0']
['重庆工程学院2021年高层次人才招聘简章'],['2021-11-22'],['86'],['0']
['嘉应学院2021-2022年人才招聘启事'],['2021-11-22'],['42'],['0']
['厦门大学嘉庚学院2021-2022学年人才招聘启事'],['2021-11-22'],['41'],['0']
['浙江大学王绪化团队招聘博士后和科研助理'],['2021-11-22'],['36'],['0']
['武汉东湖学院高层次（高学历）人才招聘公告'],['2021-11-22'],['54'],['0']
['优化赋能企业运筹帷幄，九算优化2022校园招聘'],['2021-11-22'],['36'],['0']
['中国电子科技集团公司第五十三研究所 2022年毕业生招聘计划'],['2021-11-22'],['215'],['0']
['黄淮学院2021年诚聘高层次人才'],['2021-11-22'],['49'],['0']
['中国地震局地球物理研究所高层次人才引进公告'],['2021-11-22'],['46'],['0']
['中国科学院天津工业生物技术研究所体外合成生物学中心 游淳课题组招聘启事'],['2021-11-22'],['97'],['0']
['国科学院天津工业生物技术研究所 张玲玲课题组科研人员招聘启事'],['2021-11-22'],['74'],['0']
['中国科学院天津工业生物技术研究所体外合成生物学中心 朱之光课题组招聘启事'],['2021-11-22'],['43'],['0']
['烟台东方威思顿电气有限公司2022届校园招聘简章'],['2021-11-22'],['64'],['0']
['成都航空职业技术学院2022年高层次人才、专任教师招聘公告'],['2021-11-21'],['307'],['0']
['2021年“振兴龙江邀你同行” 黑龙江人才周活动机关企业事业单位'],['2021-11-21'],['69'],['0']
['成都时谱科技有限公司诚聘应届生'],['2021-11-20'],['196'],['0']
['巨鲨医疗2022届秋招招聘简章'],['2021-11-19'],['112'],['0']
['哈曼科技（深圳）有限公司诚聘实习生/应届生'],['2021-11-19'],['122'],['0']
['国家计算机网络应急技术处理协调中心上海分中心2022年度公开招聘公告'],['2021-11-19'],['144'],['0']
['海纳“柏”川，恰到好“楚”|柏楚电子2022校园招聘正式启动！'],['2021-11-19'],['96'],['0']
['国家计算机网络应急技术处理协调中心海南分中心2022年度公开招聘公告'],['2021-11-19'],['73'],['0']
['国家计算机网络应急技术处理协调中心陕西分中心2022年度公开招聘公告'],['2021-11-19'],['73'],['0']
['国家管网集团华南公司2022届高校毕业生招聘公告'],['2021-11-19'],['96'],['0']
['邯郸制药股份有限公司2022校园招聘'],['2021-11-19'],['48'],['0']
['中国科学院微电子研究所低功耗智能芯片与系统团队诚聘海内外英才'],['2021-11-19'],['159'],['0']
['海南热带海洋学院2021年度考核招聘教学科研人员公告'],['2021-11-19'],['51'],['0']
['白城医学高等专科学校2021年招聘高层次人才公告'],['2021-11-19'],['51'],['0']
['杭州长川科技股份有限公司FPGA工程师招聘'],['2021-11-18'],['92'],['0']
['国家超级计算深圳中心（2021年）博士后、高级研究员、工程师招聘简章'],['2021-11-18'],['99'],['0']
['山东电力设备有限公司2022届高校毕业生招聘简章'],['2021-11-18'],['81'],['0']
['材料科学姑苏实验室博士后招聘公告'],['2021-11-18'],['48'],['0']
['福建工程学院马克思主义学院教学科研人员招聘启事'],['2021-11-18'],['56'],['0']
['福建工程学院2022年师资招聘计划'],['2021-11-18'],['44'],['0']
['厦门工学院2021-2022学年高层次人才（博士）引进计划'],['2021-11-18'],['43'],['0']
['闽江学院2021下半年度高层次人才招聘公告'],['2021-11-18'],['35'],['0']
['苏州系统医学研究所2021-2022年招聘'],['2021-11-18'],['40'],['0']
['生物医学硕博人才-安必奇生物2022届校园招聘'],['2021-11-17'],['75'],['0']
['广西科技大学教学科研岗招聘'],['2021-11-17'],['94'],['0']
['TP-LINK2022届校园招聘补录正式开始'],['2021-11-17'],['271'],['0']
['上海烟草机械有限责任公司高层次人才招聘简章'],['2021-11-17'],['152'],['0']
['中国地质科学院矿产综合利用研究所2022年度公开招聘公告'],['2021-11-17'],['67'],['0']
['中国民航西南空管局2022招聘补充公告'],['2021-11-17'],['299'],['0']
['肇庆学院2021年人才招聘启事'],['2021-11-17'],['72'],['0']
['为旌科技 2022校园招聘'],['2021-11-17'],['117'],['0']
['中国电子科技集团公司第四十一研究所2022校园招聘'],['2021-11-17'],['352'],['0']
['广聚英才 共谋发展 南京工业职业技术大学2021年下半年海内外优秀人才招聘公告'],['2021-11-16'],['81'],['0']
['梦想启航 “职”通未来-内蒙古大学2021-2022年高薪诚聘海内外人才'],['2021-11-16'],['63'],['0']
['中国电科30所2022届校园招聘补录'],['2021-11-16'],['442'],['0']
['国家管网集团2022届应届高校毕业生招聘公告'],['2021-11-16'],['122'],['0']
['台州学院高等研究院大数据智能医疗研究所招聘启事'],['2021-11-16'],['48'],['0']
['广州华夏职业学院2021年高层次人才招聘公告'],['2021-11-16'],['41'],['0']
['西南医科大学2021年诚聘海内外英才'],['2021-11-16'],['55'],['0']
['南京工业大学第四届“探•智”国际青年学者论坛-电控学院分论坛诚邀海内外英才参加'],['2021-11-16'],['43'],['0']
['浙江安防职业技术学院2022年人才需求计划'],['2021-11-16'],['58'],['0']
['江西科技职业学院2021年人才招聘公告'],['2021-11-16'],['79'],['0']
['江苏医药职业学院2021年拟公开招聘计划'],['2021-11-16'],['41'],['0']
['国力电子科技股份有限公司2022界校园招聘'],['2021-11-16'],['178'],['0']
['商丘工学院2021年教师招聘公告'],['2021-11-16'],['87'],['0']
['广东省某政法机关2022年招录公告'],['2021-11-16'],['250'],['0']
['济南历下控股集团2022届校园招聘'],['2021-11-15'],['71'],['0']
['关于2021年下半年青神县事业单位考核招聘高层次和紧缺专业技术人才的公告'],['2021-11-15'],['137'],['0']
['攀枝花学院2021年高层次人才招聘简章'],['2021-11-15'],['107'],['0']
['暨南大学附属第一医院最高年薪66万+招聘博士后'],['2021-11-15'],['45'],['0']
['（浙江）丽水学院2021年下半年人才招聘启事'],['2021-11-15'],['65'],['0']
['中国科学院长春应用化学研究所2021年度招聘启事'],['2021-11-15'],['33'],['0']
['香港中文大学（深圳）诚聘海内外优秀人才'],['2021-11-15'],['44'],['0']
['河北农业大学2021年选聘博士公告'],['2021-11-15'],['29'],['0']
['北京大学化学与分子工程学院纳米结构功能材料课题组招聘优秀人才'],['2021-11-15'],['55'],['0']
['江苏省盐城市2022年面向全国部分高校和境外世界名校引进优秀毕业生工作公告'],['2021-11-15'],['152'],['0']
['江苏省阜宁县2022年面向全国部分高校和境外世界名校引进优秀毕业生工作公告'],['2021-11-15'],['75'],['0']
['搜狐集团2022届秋季校园招聘正式启动！'],['2021-11-15'],['107'],['0']
['筑巢引才 振兴三晋-晋中学院2021年人才引进公告'],['2021-11-15'],['51'],['0']
['玉溪师范学院2021年常年招聘博士公告'],['2021-11-15'],['42'],['0']
['衢州学院2021年下半年高层次人才招聘公告'],['2021-11-15'],['45'],['0']
['琅琊山麓闻号角 引才筑梦正当时-滁州学院2021-2022年诚聘海内外人才'],['2021-11-15'],['74'],['0']
['烟台东方威思顿电气有限公司2022届校园招聘简章'],['2021-11-15'],['39'],['0']
['郑州大学2021年面向电子科技大学校园专场招聘辅导员（硕士）公告'],['2021-11-13'],['606'],['0']
['上海宇勘科技有限公司2022年校园招聘'],['2021-11-12'],['128'],['0']
['中国热带农业科学院南亚热带作物研究所湛江站实验站2021年第六批博士研究生人员公开招聘公告'],['2021-11-12'],['70'],['0']
['重庆邮电大学2021-2022年招聘启事'],['2021-11-12'],['256'],['0']
['重庆工程学院2021年高层次人才招聘简章'],['2021-11-12'],['101'],['0']
['嘉应学院2021-2022年人才招聘启事'],['2021-11-12'],['52'],['0']
['厦门大学嘉庚学院2021-2022学年人才招聘启事'],['2021-11-12'],['48'],['0']
['“才聚眉天府” 眉山天府新区2021年下半年空中云招聘活动公告'],['2021-11-12'],['154'],['0']
['浙江大学王绪化团队招聘博士后和科研助理'],['2021-11-12'],['40'],['0']
['南通大学电气工程学院诚聘海内外英才'],['2021-11-12'],['35'],['0']
['上海思博职业技术学院2021年招聘信息'],['2021-11-12'],['57'],['0']
['中国船舶第七一六研究所2022届校园招聘'],['2021-11-12'],['126'],['0']
['山东畜牧兽医职业学院2021年公开招聘副高级岗位人员和博士研究生简章'],['2021-11-12'],['29'],['0']
['新疆财经大学2021年高层次人才招聘启事'],['2021-11-12'],['44'],['0']
['Marvell美满电子2022校园招聘'],['2021-11-12'],['93'],['0']
['ASM先进科技（中国）有限公司'],['2021-11-11'],['377'],['0']
['中共凉山州委党校 凉山州行政学院2021-2022年面向全国公开考核招聘教学和科研人员公告'],['2021-11-11'],['98'],['0']
['河北农业大学2021年选聘博士公告'],['2021-11-11'],['67'],['0']
['三一重型装备有限公司2022校园招聘'],['2021-11-11'],['134'],['0']
['北京市朝阳区2022年公务员招录 暨高校毕业生选培计划公告'],['2021-11-11'],['158'],['0']
['清华大学张晨团队2021年诚聘数据科学方向优秀博士后和科研助理'],['2021-11-11'],['65'],['0']
['同道猎聘集团校园招聘'],['2021-11-11'],['51'],['0']
['成都辰显光电2022校招'],['2021-11-11'],['117'],['0']
['北京世纪东方智汇科技股份有限公司博士进站'],['2021-11-11'],['37'],['0']
['九算优化 2022校园招聘'],['2021-11-11'],['64'],['0']
['广州软件学院2021年招聘启事'],['2021-11-11'],['58'],['0']
['成都市邛崃市2021年下半年引进急需紧缺高素质人才'],['2021-11-11'],['148'],['0']
['宁波大学2021年公开招聘人才公告'],['2021-11-10'],['142'],['0']
['横琴粤澳深度合作区2021年博士后招聘公告'],['2021-11-10'],['78'],['0']
['恰风华正茂 奏经管新篇-华东交通大学经济管理学院2021-2022年度博士、博士后招聘公告'],['2021-11-10'],['60'],['0']
['上海交通大学 电子信息与电气工程学院 空间攻防智能化系统技术实验室招聘启事'],['2021-11-10'],['113'],['0']
['材料科学姑苏实验室博士后招聘公告'],['2021-11-10'],['51'],['0']
['山东省科学院海洋仪器仪表研究所齐鲁工业大学（山东省科学院）海洋技术科学学院招聘'],['2021-11-10'],['45'],['0']
['福建工程学院智慧海洋与工程研究院人才招聘启事'],['2021-11-10'],['57'],['0']
['福建工程学院2022年师资招聘计划'],['2021-11-10'],['51'],['0']
['“前浪*后浪*汇成巨浪”成都华兴大地科技有限公司招聘'],['2021-11-10'],['135'],['0']
['厦门工学院2021年海内外高层次人才招聘启事'],['2021-11-10'],['33'],['0']
['闽江学院2021下半年度高层次人才招聘公告'],['2021-11-10'],['32'],['0']
['苏州系统医学研究所2021-2022年招聘'],['2021-11-10'],['42'],['0']
['江苏科技大学2021年诚聘海内外优秀人才'],['2021-11-10'],['52'],['0']
['九江学院2021年高层次人才招聘公告'],['2021-11-10'],['58'],['0']
['佐佑管理咨询公司2022年校园招聘'],['2021-11-10'],['33'],['0']
['福州鑫图光电有限公司成都研发中心招聘信息'],['2021-11-10'],['51'],['0']
['浙江工业职业技术学院公开招聘高层次人才公告'],['2021-11-10'],['39'],['0']
['宿迁学院2021年高层次人才招聘公告'],['2021-11-10'],['38'],['0']
['东莞理工国际微电子学院诚聘海内外优秀人才'],['2021-11-10'],['42'],['0']
['深圳市前海深港现代服务业合作区管理局校园招聘公告'],['2021-11-10'],['37'],['0']
['成都市邛崃市2021年下半年引进急需紧缺高素质人才公告'],['2021-11-10'],['187'],['0']
['南孔圣地-衢州有礼-事业编制-衢州学院2021年下半年人才招聘公告-评聘高级职称名额充足-解决子女入学'],['2021-11-09'],['101'],['0']
['成都锐芯盛通电子科技有限公司2021年秋季校园招聘简章'],['2021-11-09'],['198'],['0']
['中际联合（北京）科技股份有限公司-上市企业-管培生招聘'],['2021-11-09'],['71'],['0']
['中际联合（北京）科技股份有限公司-上市企业-校园招聘'],['2021-11-09'],['71'],['0']
['台州学院高等研究院——智能信息处理研究所招聘启事'],['2021-11-09'],['49'],['0']
['广州华夏职业学院2021年招聘公告'],['2021-11-09'],['39'],['0']
['广西柳州高新区博士后科研工作站2021年招聘简章'],['2021-11-09'],['38'],['0']
['西门子工业边缘计算应用开发实习（研发、产品）'],['2021-11-09'],['94'],['0']
['西南医科大学2021年诚聘海内外英才'],['2021-11-09'],['49'],['0']
['南京工业大学第四届“探•智”国际青年学者论坛-电控学院分论坛诚邀海内外英才参加'],['2021-11-09'],['38'],['0']
['广纳英才，携手共创世界一流大学—中法航空大学'],['2021-11-09'],['58'],['0']
['中科院成都信息技术股份有限公司2022届秋季校园招聘简章'],['2021-11-09'],['246'],['0']
['浙江越秀外国语学院2021年高层次人才引进公告'],['2021-11-09'],['36'],['0']
['深圳大学智能物联网中心杨亚涛特聘教授团队2021年博士后招聘公告'],['2021-11-09'],['40'],['0']
['中国电子技术标准化研究院 2021年秋季校园招聘公告'],['2021-11-09'],['130'],['0']
['金元证券股份有限公司2022届应届生校园招聘'],['2021-11-09'],['37'],['0']
['北京华宇信息技术有限公司博士后招聘'],['2021-11-08'],['124'],['0']
['长治学院2021年公开招聘博士研究生公告'],['2021-11-08'],['99'],['0']
['国泰君安证券博士后科研工作站2022年度招聘简章'],['2021-11-08'],['60'],['0']
['暨南大学附属第一医院最高年薪66万+招聘博士后'],['2021-11-08'],['51'],['0']
['成都辰显光电2022届校园招聘'],['2021-11-08'],['228'],['0']
['（浙江）丽水学院2021年下半年人才招聘启事'],['2021-11-08'],['45'],['0']
['中国科学院长春应用化学研究所2021年度招聘启事'],['2021-11-08'],['49'],['0']
['香港中文大学（深圳）诚聘海内外优秀人才'],['2021-11-08'],['44'],['0']
['河北农业大学2021年选聘博士公告'],['2021-11-08'],['41'],['0']
['深圳综合粒子设施研究院校园招聘公告'],['2021-11-08'],['52'],['0']
['中国农业银行博士后科研工作站 2022年度博士后招聘'],['2021-11-08'],['44'],['0']
['北京龙双利达知识产权代理有限公司2022届秋季招聘'],['2021-11-08'],['42'],['0']
['烟台东方威思顿电气有限公司2022届校园招聘简章'],['2021-11-08'],['41'],['0']
['上海视觉艺术学院2021-2022学年招聘启事'],['2021-11-08'],['39'],['0']
['水利部长江水利委员会长江科学院2022年度校园招聘(博士岗位)公告'],['2021-11-08'],['61'],['0']
['加入我们！“船”承理想 强军报国-中国船舶第八研究院（南京）2022届校园招聘'],['2021-11-06'],['306'],['0']
['毫末智行2022秋季校园招聘'],['2021-11-05'],['165'],['0']
['鹏华基金 金融科技2022年校园招聘'],['2021-11-05'],['122'],['0']
['中国船舶工业综合技术经济研究院2022年校园招聘'],['2021-11-05'],['211'],['0']
['中山大学生物医学工程学院2021年诚聘英才'],['2021-11-05'],['83'],['0']
['中山大学微电子科学与技术学院2021年人才招聘公告'],['2021-11-05'],['123'],['0']
['中国热带农业科学院南亚热带作物研究所湛江站实验站2021年第六批博士研究生人员公开招聘公告'],['2021-11-05'],['50'],['0']
['陆军军医大学战创伤医学中心2021年人才招聘'],['2021-11-05'],['67'],['0']
['2021年洛阳职业技术学院线上招聘'],['2021-11-05'],['86'],['0']
['鞍山市面向“双一流”建设高校校园招聘2022年应届毕业生公告'],['2021-11-05'],['116'],['0']
['北方华创微电子2022校园招聘'],['2021-11-05'],['102'],['0']
['中铁信托博士后创新实践基地 2022年招收博士后研究人员招收简章'],['2021-11-05'],['54'],['0']
['北京智束科技有限公司2021校园招聘公告'],['2021-11-05'],['56'],['0']
['北京国望—“科研（光机电软热力控数物化）、管理工程师”招募'],['2021-11-05'],['59'],['0']
['重庆三峡职业学院2021年博士、硕士研究生人才招聘简章'],['2021-11-04'],['204'],['0']
['中国科学院计算技术研究所2021年秋冬季博士人才视频双选会'],['2021-11-04'],['124'],['0']
['南通大学电气工程学院诚聘海内外英才'],['2021-11-04'],['98'],['0']
['闽南师范大学2021年诚纳英才'],['2021-11-04'],['63'],['0']
['遂宁银行2022届校园招聘'],['2021-11-04'],['84'],['0']
['深圳市光明区“万名博士聚光明”'],['2021-11-04'],['68'],['0']
['2022年石河子大学医学院教师招聘公告'],['2021-11-04'],['41'],['0']
['紫微科技2021年秋季校园招聘会'],['2021-11-04'],['87'],['0']
['科学出版社成都有限责任公司实习生招聘'],['2021-11-04'],['77'],['0']
['【灵动科技】2022校园招聘'],['2021-11-03'],['200'],['0']
['年薪28万起！中国科学院工程热物理研究所2021年秋冬季博士人才视频双选会'],['2021-11-03'],['272'],['0']
['江苏鑫康微电子科技有限公司'],['2021-11-03'],['117'],['0']
['材料科学姑苏实验室博士后招聘公告'],['2021-11-03'],['72'],['0']
['山东省科学院海洋仪器仪表研究所齐鲁工业大学（山东省科学院）海洋技术科学学院招聘信息'],['2021-11-03'],['67'],['0']
['福建工程学院马克思主义学院教学科研人员招聘启事'],['2021-11-03'],['34'],['0']
['福建工程学院2022年师资招聘计划'],['2021-11-03'],['41'],['0']
['厦门工学院2021-2022学年高层次人才（博士）引进计划'],['2021-11-03'],['49'],['0']
['闽江学院2021下半年度高层次人才招聘公告'],['2021-11-03'],['27'],['0']
['苏州系统医学研究所2021-2022年招聘'],['2021-11-03'],['49'],['0']
['江苏科技大学2021年诚聘海内外优秀人才'],['2021-11-03'],['56'],['0']
['中国科学院微生物所病毒感染与免疫相关博士后岗招聘'],['2021-11-03'],['32'],['0']
['从医兴教 育才报国-西南医科大学2021年诚聘海内外英才'],['2021-11-03'],['46'],['0']
['四川大学锦江学院2021年人才招聘'],['2021-11-03'],['181'],['0']
['昆山市2021年度专业化青年人才定岗特选'],['2021-11-03'],['44'],['0']
['石河子大学政法学院2022年人才招聘'],['2021-11-03'],['50'],['0']
['南宁职业技术学院公开招聘博士研究生公告'],['2021-11-03'],['37'],['0']
['2021常州大学诚邀海内外人才共谋发展'],['2021-11-03'],['30'],['0']
['常熟理工学院2021年人才招聘'],['2021-11-02'],['110'],['0']
['瓯江实验室校园招聘简章'],['2021-11-02'],['104'],['0']
['广州华夏职业学院2021年招聘公告'],['2021-11-02'],['67'],['0']
['西南医科大学2021年诚聘海内外英才'],['2021-11-02'],['67'],['0']
['清华大学材料课题组招聘热电/热障/结构陶瓷博士后'],['2021-11-02'],['63'],['0']
['中建材蚌埠玻璃工业设计研究院2022年校园招聘'],['2021-11-02'],['60'],['0']
['2022一飞院招聘简章'],['2021-11-02'],['276'],['0']
['北京国望光学科技有限公司招聘信息'],['2021-11-02'],['31'],['0']
['来RC做自己的盖世英雄！-瑞斯康达2022年空宣'],['2021-11-02'],['79'],['0']
['战略支援部队某部队直接选拔招录军官和公开招考文职人员'],['2021-11-02'],['443'],['0']
['潍坊医学院2021年诚聘海内外优秀博士'],['2021-11-02'],['28'],['0']
['浙江工业大学之江学院2021年公开招聘工作人员（非事业编制）公告'],['2021-11-02'],['62'],['0']
['枣庄学院2021年人才招聘启事'],['2021-11-02'],['51'],['0']
['四川省国土空间生态修复与地质灾害防治研究院 2022年招聘专业技术人员公告'],['2021-11-02'],['107'],['0']
['中国互联网金融协会系统 2022年校园招聘公告'],['2021-11-01'],['164'],['0']
['中通服设计院2022届秋季校园招聘'],['2021-11-01'],['143'],['0']
['2022年广西北部湾银行与复旦大学联合招收博士后研究人员通告'],['2021-11-01'],['52'],['0']
['台州学院高等研究院大数据智能医疗研究所招聘启事'],['2021-11-01'],['46'],['0']
['暨南大学附属第一医院最高年薪66万+招聘博士后'],['2021-11-01'],['58'],['0']
['（浙江）丽水学院2021年下半年人才招聘启事'],['2021-11-01'],['39'],['0']
['长春应化所首届国际青年论坛'],['2021-11-01'],['28'],['0']
['香港中文大学（深圳）诚聘海内外优秀人才'],['2021-11-01'],['58'],['0']
['河北农业大学2021年选聘博士公告'],['2021-11-01'],['32'],['0']
['美国路易斯安那州立大学医学院招聘博士后'],['2021-11-01'],['46'],['0']
['天津市教育科学研究院2021年第二批公开招聘方案'],['2021-11-01'],['47'],['0']
['水利部长江水利委员会长江科学院2022年度校园招聘(博士岗位)公告'],['2021-11-01'],['52'],['0']
['东兴证券股份有限公司2022校园招聘'],['2021-11-01'],['50'],['0']
['佰墨思（成都）数字技术有限公司Java开发工程师招聘'],['2021-11-01'],['75'],['0']
['中国科学院国家空间科学中心2022年应届毕业生招聘'],['2021-11-01'],['122'],['0']
['烟台东方威思顿电气有限公司2022届校园招聘简章'],['2021-11-01'],['43'],['0']
['中国科学院国家空间科学中心 2022年特别研究助理招聘启事'],['2021-11-01'],['96'],['0']
['南昌航天科技集团有限公司2021年人才招聘公告'],['2021-11-01'],['73'],['0']
['乘风时代，逐梦央企研究院 ——中国电信研究院诚邀您加入'],['2021-11-01'],['98'],['0']
['中国华电集团有限公司 2022年“青年骏才”招聘和校园招聘公告'],['2021-11-01'],['343'],['0']
['材料科学姑苏实验室2021年高层次人才招聘'],['2021-11-01'],['32'],['0']
['山东省科学院海洋仪器仪表研究所2021-2022年招聘'],['2021-11-01'],['87'],['0']
['深圳市钛锋智能有限公司2022届校园招聘'],['2021-10-31'],['89'],['0']
['南方报业2022校园招聘公告'],['2021-10-31'],['103'],['0']
['青岛智腾微电子有限公司2022年校园招聘'],['2021-10-30'],['116'],['0']
['合肥安晶龙电子股份有限公司2022届校园招聘'],['2021-10-29'],['114'],['0']
['中国热带农业科学院南亚热带作物研究所湛江站实验站2021年第六批博士研究生人员公开招聘公告'],['2021-10-29'],['70'],['0']
['东北农业大学2021年下半年人才公开招聘公告'],['2021-10-29'],['70'],['0']
['北京雄恩数学培训学校2022年校园招聘'],['2021-10-29'],['65'],['0']
['聚英才，冲一流，创未来-山东第一医科大学(山东省医学科学院)2021年诚聘海内外优秀人才'],['2021-10-29'],['61'],['0']
['凯普生物2022届校园招聘'],['2021-10-29'],['84'],['0']
['湘潭大学2021年博士后招聘简章'],['2021-10-29'],['78'],['0']
['2021年海军工程大学面向社会公开招考文职人员预告'],['2021-10-29'],['229'],['0']
['铁科院咨询公司2022年校园招聘'],['2021-10-29'],['163'],['0']
['中邮信息科技（北京）有限公司 2022年秋季校园招聘'],['2021-10-28'],['177'],['0']
['中国电子科技集团公司第十三研究所 2022届校园招聘'],['2021-10-28'],['596'],['0']
['佛山仙湖实验室招聘启事'],['2021-10-28'],['126'],['0']
['上消所2022校招'],['2021-10-28'],['178'],['0']
['重庆邮电大学2021-2022年招聘启事'],['2021-10-28'],['226'],['0']
['重庆工程学院2021年高层次人才招聘简章'],['2021-10-28'],['84'],['0']
['嘉应学院2021-2022年人才招聘启事'],['2021-10-28'],['40'],['0']
['厦门大学嘉庚学院2021-2022学年人才招聘启事'],['2021-10-28'],['42'],['0']
['浙江大学王绪化团队招聘博士后和科研助理'],['2021-10-28'],['39'],['0']
['南通大学电气工程学院诚聘海内外英才'],['2021-10-28'],['44'],['0']
['岭南现代农业科学与技术广东省实验室高端人才、拔尖人才招聘公告'],['2021-10-28'],['39'],['0']
['携手师大 筑梦未来-江苏师范大学2021年人才引进政策及计划'],['2021-10-28'],['51'],['0']
['苏州苏高新集团有限公司 2022校园招聘公告'],['2021-10-28'],['89'],['0']
['上汽大众2022校园招聘'],['2021-10-28'],['336'],['0']
['贵州航天天马机电科技有限公司成都研究院分公司'],['2021-10-28'],['153'],['0']
['河北中瓷电子科技股份有限公司工艺工程师招聘'],['2021-10-28'],['53'],['0']
['首都师范大学2021年博士后科研人员招收公告'],['2021-10-28'],['52'],['0']
['湖州师范学院量子物理研究中心高层次人才招聘启事'],['2021-10-28'],['51'],['0']
['河北中瓷电子科技股份有限公司招聘产品研发设计师'],['2021-10-28'],['27'],['0']
['泉意光罩光电科技（济南）有限公司 2022应届毕业生招聘'],['2021-10-28'],['66'],['0']
['引才正当时 共筑西华梦-西华大学2021年人才招聘公告'],['2021-10-27'],['148'],['0']
['北京炬玄智能科技有限公司'],['2021-10-27'],['79'],['0']
['招商局通商融资租赁有限公司2022年度 校园招聘简章'],['2021-10-27'],['75'],['0']
['厦门工学院2021-2022学年高层次人才（博士）引进计划'],['2021-10-27'],['62'],['0']
['百年复兴路 科学正当时-中国科学院青岛生物能源与过程研究所博士后招聘需求'],['2021-10-27'],['61'],['0']
['江苏科技大学2021年诚聘海内外优秀人才'],['2021-10-27'],['89'],['0']
['福建工程学院智慧海洋与工程研究院人才招聘启事'],['2021-10-27'],['40'],['0']
['福建工程学院2022年师资招聘计划'],['2021-10-27'],['38'],['0']
['山东省科学院激光研究所2021年人才招聘简章'],['2021-10-27'],['63'],['0']
['桂林电子科技大学2021年高层次人才招聘公告'],['2021-10-27'],['100'],['0']
['山东省科学院海洋仪器仪表研究所齐鲁工业大学（山东省科学院）海洋技术科学学院招聘'],['2021-10-27'],['40'],['0']
['中科南京智能技术研究院招聘简章'],['2021-10-27'],['86'],['0']
['兴义民族师范学院2021年人才引进公告'],['2021-10-27'],['70'],['0']
['云南省公路科学技术研究院2022年劳动合同制专业技术人员校园招聘简章'],['2021-10-27'],['98'],['0']
['四川邮政2022年校园招聘'],['2021-10-27'],['293'],['0']
['南方医科大学南方医院—杰青团队博士后招聘'],['2021-10-26'],['79'],['0']
['启明信息技术股份有限公司2022年校园招聘简章'],['2021-10-26'],['134'],['0']
['广州华夏职业学院2021年招聘公告'],['2021-10-26'],['67'],['0']
['西南医科大学2021年诚聘海内外英才'],['2021-10-26'],['64'],['0']
['重庆交通职业学院'],['2021-10-26'],['275'],['0']
['烟台东方威思顿电气有限公司2022届校园招聘简章'],['2021-10-26'],['67'],['0']
['11月12日二十余省市高校联合启动第23届博士人才云端选聘会（初审+面试）'],['2021-10-26'],['101'],['0']
['高层次人才网秋冬季博士专场网络视频双选会'],['2021-10-26'],['80'],['0']
['厦门市产品质量监督检验院公开招聘专业人才简章'],['2021-10-26'],['71'],['0']
['华安基金管理有限公司2022届校园招聘简章 智诚相伴 共赴未来'],['2021-10-26'],['65'],['0']
['中国计量大学工业与商贸计量技术研究所博士招聘'],['2021-10-26'],['46'],['0']
['北京安必奇生物2022届生物医药人才招募'],['2021-10-26'],['71'],['0']
['2021年高凯技术秋季校园招聘'],['2021-10-26'],['90'],['0']
['中国科学院微电子研究所低功耗智能芯片与系统团队招聘'],['2021-10-25'],['225'],['0']
['苏州天准科技 2022届校园招聘（空宣时间10月27日19：00）'],['2021-10-25'],['80'],['0']
['2021年下半年广东省汕尾市事业单位公开招聘高层次急需紧缺人才公告'],['2021-10-25'],['103'],['0']
['暨南大学附属第一医院最高年薪66万+招聘博士后'],['2021-10-25'],['50'],['0']
['台州学院高等研究院——智能信息处理研究所招聘启事'],['2021-10-25'],['42'],['0']
['（浙江）丽水学院2021年下半年人才招聘启事'],['2021-10-25'],['57'],['0']
['中国科学院长春应用化学研究所2021年度招聘启事'],['2021-10-25'],['42'],['0']
['香港中文大学（深圳）诚聘海内外优秀人才'],['2021-10-25'],['58'],['0']
['河北农业大学2021年选聘博士公告'],['2021-10-25'],['31'],['0']
['亿联银行2022年校园招聘'],['2021-10-25'],['47'],['0']
['季华实验室2022届应届毕业生 校园招聘公告'],['2021-10-25'],['77'],['0']
['有研科技集团有限公司2022年毕业生招聘公告'],['2021-10-25'],['77'],['0']
['南宁职业技术学院2021年公开招聘'],['2021-10-25'],['93'],['0']
['石家庄铁道大学2021年博士招聘公告'],['2021-10-25'],['67'],['0']
['泸州老窖集团有限责任公司 2022校园招聘简章'],['2021-10-25'],['155'],['0']
['保华微电子有限公司嵌入式工程师招聘【机械、电子、通信、自动化等专业优先】'],['2021-10-25'],['121'],['0']
['白城医学高等专科学校2021年招聘高层次人才公告'],['2021-10-25'],['52'],['0']
['中共河北省委党校（河北行政学院）2021年诚聘英才'],['2021-10-25'],['42'],['0']
['于金秋 赴桂工-桂林理工大学2021年'],['2021-10-25'],['56'],['0']
['陆军第七十三集团军医院2021年招聘简章'],['2021-10-24'],['226'],['0']
['捷普科技成都有限公司2022校园招聘'],['2021-10-23'],['279'],['0']
['东正光学2022校园招聘'],['2021-10-23'],['230'],['0']
['兴工微2022届校园招聘'],['2021-10-22'],['167'],['0']
['奋斗百年路 启航新征程-湘潭大学2021年诚聘海内外人才'],['2021-10-22'],['114'],['0']
['中国电子科技集团公司第二十二研究所 2022年度校园招聘'],['2021-10-22'],['601'],['0']
['北京创世宏景专利商标代理有限责任公司校园招聘专利代理人助理和专利流程专员兼行政助理'],['2021-10-22'],['58'],['0']
['浙江大学王绪化团队招聘博士后和科研助理'],['2021-10-22'],['70'],['0']
['嘉应学院2021-2022年人才招聘启事'],['2021-10-22'],['46'],['0']
['重庆工程学院2021年高层次人才招聘简章'],['2021-10-22'],['87'],['0']
['重庆邮电大学2021-2022年招聘启事'],['2021-10-22'],['110'],['0']
['深圳综合粒子设施研究院校园招聘公告'],['2021-10-22'],['58'],['0']
['【综合1场&综合2场】高校人才网2021年秋冬季博士人才视频双选会邀请函'],['2021-10-22'],['122'],['0']
['国泰君安证券四川分公司 2022年校园招聘公告'],['2021-10-22'],['164'],['0']
['海南贯成私募基金管理有限公司基金经理助理招聘'],['2021-10-22'],['74'],['0']
['石河子大学政法学院2022年人才招聘'],['2021-10-22'],['74'],['0']
['2022年石河子大学生命科学学院公开招聘教师简章'],['2021-10-22'],['74'],['0']
['前海深蕾科技集团2022应届生招聘简章'],['2021-10-21'],['114'],['0']
['深圳莱宝高科技股份有限公司诚邀加入'],['2021-10-21'],['112'],['0']
['玉溪师范学院2021年常年招聘博士公告'],['2021-10-21'],['76'],['0']
['闽江学院2021下半年度高层次人才招聘公告'],['2021-10-21'],['67'],['0']
['新乡航空工业（集团）有限公司2022届校园招聘'],['2021-10-21'],['138'],['0']
['厦门工学院2021-2022学年高层次人才（博士）引进计划'],['2021-10-21'],['62'],['0']
['龙芯中科2022校园招聘'],['2021-10-21'],['157'],['0']
['福建工程学院马克思主义学院教学科研人员招聘启事'],['2021-10-21'],['31'],['0']
['福建工程学院2022年师资招聘计划'],['2021-10-21'],['42'],['0']
['诚邀英才 同心筑梦 南京晓庄学院2021年下半年公开招聘人才公告'],['2021-10-21'],['59'],['0']
['厦门大学嘉庚学院2021-2022学年人才招聘启事'],['2021-10-21'],['45'],['0']
['材料科学姑苏实验室博士后招聘公告'],['2021-10-21'],['43'],['0']
['苏州系统医学研究所2021-2022年招聘'],['2021-10-21'],['38'],['0']
['北京邮电大学信息与通信工程学院康桂霞教授团队招聘人才'],['2021-10-21'],['88'],['0']
['中国科学院武汉岩土力学研究所科研岗位和特别研究助理（含博士后）招聘简章【长期有效】'],['2021-10-21'],['62'],['0']
['航天时代飞鹏有限公司校招'],['2021-10-21'],['112'],['0']
['华中农业大学2022年辅导员招聘公告 （博士学位辅导员实行年薪制）'],['2021-10-21'],['208'],['0']
['成都未尔科技有限公司2021年秋季校园招聘'],['2021-10-21'],['145'],['0']
['哈尔滨工业大学人工智能研究院有限公司2022校园招聘岗位'],['2021-10-21'],['73'],['0']
['中国广电广州网络股份有限公司2022届秋季校园招聘'],['2021-10-21'],['63'],['0']
['2022年浙江珏芯微电子有限公司校招招聘信息'],['2021-10-21'],['60'],['0']
['嘉兴职业技术学院公开招聘高层次紧缺人才（教职人员）剩余岗位说明'],['2021-10-21'],['97'],['0']
['粤开证券股份有限公司2022届校园招聘'],['2021-10-21'],['61'],['0']
['中德证券创新融资部实习生招聘'],['2021-10-21'],['68'],['0']
['深圳电器公司2022年校园招聘'],['2021-10-20'],['109'],['0']
['清源创新实验室博士科研人员和博士后招聘公告'],['2021-10-20'],['110'],['0']
['河池学院2021年人才招聘公告'],['2021-10-20'],['114'],['0']
['深圳北芯生命科技股份有限公司2022届校园招聘'],['2021-10-20'],['105'],['0']
['成都纺织高等专科学校2021年人才招聘公告'],['2021-10-20'],['339'],['0']
['多彩贵州航空有限公司面向电子科技大学开展招录管培生工作的招聘简章'],['2021-10-20'],['205'],['0']
['山西国科公司-技术岗位'],['2021-10-20'],['88'],['0']
['广州航海学院 广州交通大学（筹）2021年第一批人才招聘公告'],['2021-10-20'],['72'],['0']
['北京国望—“科研(光机电软热力控数物化)、管理工程师”招募'],['2021-10-20'],['99'],['0']
['星海扬帆，圆梦航天—吉天星舟2022招聘简章'],['2021-10-20'],['176'],['0']
['创鑫激光2022届秋季校园招聘|来开创•鑫时代'],['2021-10-20'],['105'],['0']
['中国地震局地球物理研究所高层次人才引进公告'],['2021-10-20'],['158'],['0']
['电子科技大学医学院附属肿瘤医院·四川省肿瘤医院2022年招聘公告'],['2021-10-20'],['147'],['0']
['现场宣讲 | 10月25日 | 佰维存储2022届校招正式启动！'],['2021-10-19'],['188'],['0']
['“服务央行 筑梦成方”-成方金融科技有限公司（中国人民银行软件开发中心）2022年校园招聘'],['2021-10-19'],['452'],['0']
['南通大学电气工程学院诚聘海内外英才'],['2021-10-19'],['64'],['0']
['广州华夏职业学院2021年招聘公告'],['2021-10-19'],['49'],['0']
['西南医科大学2021年诚聘海内外英才'],['2021-10-19'],['83'],['0']
['江苏科技大学2021年诚聘海内外优秀人才'],['2021-10-19'],['71'],['0']
['华中师范大学化学学院化学生物学中心招聘博士后'],['2021-10-19'],['35'],['0']
['辽宁工业大学2021年诚聘人才公告'],['2021-10-19'],['62'],['0']
['浙商银行总行金融科技部2022校园招聘'],['2021-10-19'],['127'],['0']
['衢州职业技术学院2021年人才引进公告（专业带头人、博士研究生）'],['2021-10-19'],['66'],['0']
['浙江理工大学科技与艺术学院关于面向校内外公开招聘专职辅导员的公告'],['2021-10-19'],['44'],['0']
['滁州学院信息化建设与管理中心2021年度工作人员招聘公告'],['2021-10-19'],['44'],['0']
['深圳市大数据研究院2021年科研人员招聘'],['2021-10-19'],['147'],['0']
['中共中山市委党校专任教师招聘'],['2021-10-19'],['193'],['0']
['龙腾半导体股份有限公司2022届校园招聘'],['2021-10-19'],['228'],['0']
['【甘肃国企】金川集团面向电子科技大学秋季招聘信息'],['2021-10-19'],['144'],['0']
['曼迪匹艾（武汉）科技服务有限公司2021秋招'],['2021-10-19'],['93'],['0']
['诚泰租赁2022校园招聘全面启动'],['2021-10-19'],['57'],['0']
['成都奥睿药业有限公司2021年招聘'],['2021-10-19'],['99'],['0']
['清华大学出版社2022校园招聘'],['2021-10-19'],['121'],['0']
['成都高阳信息技术有限公司硬件工程师招聘'],['2021-10-19'],['103'],['0']
['成都未尔科技有限公司2022届校园招聘'],['2021-10-18'],['126'],['0']
['中国石油集团西部钻探工程有限公司工程技术研究院高层次人才招聘启事'],['2021-10-18'],['143'],['0']
['鼎阳科技2022届校园招聘'],['2021-10-18'],['164'],['0']
['中国科学院海西研究院泉州装备制造研究所 信号处理与微波系统创新团队招聘启事'],['2021-10-18'],['125'],['0']
['河北农业大学2021年选聘博士公告'],['2021-10-18'],['57'],['0']
['（浙江）丽水学院2021年下半年人才招聘启事'],['2021-10-18'],['74'],['0']
['台州学院高等研究院大数据智能医疗研究所招聘启事'],['2021-10-18'],['38'],['0']
['暨南大学附属第一医院最高年薪66万+招聘博士后'],['2021-10-18'],['74'],['0']
['陆军特色医学中心（大坪医院）肾内科人才招聘'],['2021-10-18'],['54'],['0']
['大悦城控股西南区域公司2022届校园招聘简章'],['2021-10-18'],['136'],['0']
['柳州铁道职业技术学院2021-2022学年招聘简章'],['2021-10-18'],['79'],['0']
['高层次人才网秋冬季博士专场网络视频双选会'],['2021-10-18'],['93'],['0']
['衢州学院2021年下半年高层次人才招聘公告'],['2021-10-18'],['83'],['0']
['中国电建集团青海省电力设计院有限公司校园招聘'],['2021-10-18'],['91'],['0']
['烟台东方威思顿电气有限公司2022届校园招聘简章'],['2021-10-18'],['41'],['0']
['芜湖启迪半导体有限公司招聘信息'],['2021-10-18'],['79'],['0']
['中国网安（含中国电科三十所）2022届校园招聘'],['2021-10-18'],['480'],['0']
['中国网安（含中国电科三十所）2022届校园招聘简章'],['2021-10-18'],['160'],['0']
['区块链头部企业——湖南天河国云2022届校招'],['2021-10-17'],['80'],['0']
['西安欧亚学院2022年教师校园招聘'],['2021-10-15'],['159'],['0']
['中国科学院软件研究所2022年度校园招聘简章'],['2021-10-15'],['263'],['0']
['深圳银保监局2022年度公务员招考公告'],['2021-10-15'],['129'],['0']
['深圳三星通信技术研究有限公司2022校园招聘'],['2021-10-15'],['270'],['0']
['国力股份2022届“国动力”校园招聘'],['2021-10-15'],['218'],['0']
['浙江大学王绪化团队招聘博士后和科研助理'],['2021-10-15'],['95'],['0']
['山东省科学院海洋仪器仪表研究所齐鲁工业大学（山东省科学院）海洋技术科学学院招'],['2021-10-15'],['90'],['0']
['中国科学院长春应用化学研究所2021年度招聘启事'],['2021-10-15'],['71'],['0']
['香港中文大学（深圳）诚聘海内外优秀人才'],['2021-10-15'],['91'],['0']
['2022年石河子大学公开招聘事业单位工作人员简章'],['2021-10-15'],['109'],['0']
['南方医科大学南方医院—杰青团队博士后招聘'],['2021-10-15'],['44'],['0']
['高毅资产2022年校园招聘'],['2021-10-15'],['104'],['0']
['粤港澳大湾区重要节点城市——惠州学院2021年招聘专任教师（博士、硕士）'],['2021-10-15'],['78'],['0']
['中广电设计院2022年高校毕业生公开招聘公告'],['2021-10-15'],['170'],['0']
['江苏金融租赁股份有限公司 2022年度校园招聘简章----空中宣讲会'],['2021-10-15'],['73'],['0']
['中国电建集团青海省电力设计院有限公司'],['2021-10-15'],['96'],['0']
['广州华商职业学院2021年秋季学期人才引进公告'],['2021-10-15'],['87'],['0']
['广州华立学院2021年日语教师招聘启事'],['2021-10-15'],['45'],['0']
['厦门理工学院2021年公开招聘'],['2021-10-15'],['68'],['0']
['瀚辰光翼2022届校园招聘'],['2021-10-14'],['126'],['0']
['重庆邮电大学2021-2022年招聘启事'],['2021-10-14'],['214'],['0']
['重庆工程学院2021年高层次人才招聘简章'],['2021-10-14'],['128'],['0']
['嘉应学院2021-2022年人才招聘'],['2021-10-14'],['74'],['0']
['深圳综合粒子设施研究院校园招聘公告'],['2021-10-14'],['65'],['0']
['蓝鸽集团有限公司2022校招简章'],['2021-10-14'],['110'],['0']
['杭州凯龙医疗器械有限公司2022届校园招聘'],['2021-10-14'],['73'],['0']
['贵州航天天马机电科技有限公司成都研究院分公司'],['2021-10-14'],['132'],['0']
['国家超级计算深圳中心（2021年）博士后、高级研究员招聘简章'],['2021-10-14'],['65'],['0']
['2022深迪半导体校园招聘'],['2021-10-14'],['191'],['0']
['航天行云（航天科工四院卫星总体单位）2022年度校园招聘'],['2021-10-14'],['400'],['0']
['梦耀南湖 创想未来丨南湖实验室2022秋季校园招聘正式启动！'],['2021-10-14'],['152'],['0']
['鼎智通讯2022校园招聘会'],['2021-10-14'],['148'],['0']
['滨州医学院2021年面向全球招聘'],['2021-10-14'],['81'],['0']
['国家电网有限公司大数据中心 2022年高校毕业生校园招聘公告'],['2021-10-14'],['497'],['0']
['中国电子科技集团公司第三十四研究所（军工单位、事业编制）'],['2021-10-14'],['754'],['0']
['巨磁智能【长沙研发中心】2022年秋季校园招聘'],['2021-10-13'],['35'],['0']
['苏州高新区2021年度专业化青年人才定岗特选简章'],['2021-10-13'],['362'],['0']
['中国电子科技南湖研究院'],['2021-10-13'],['284'],['0']
['汇聚国之栋梁 成就卓越人生 中国电子科技集团公司电子科学研究院2022届校园招聘启动'],['2021-10-13'],['245'],['0']
['2021年石家庄二中实验学校招聘公告'],['2021-10-13'],['156'],['0']
['绍兴市中等专业学校2022年新教师招聘邀约函'],['2021-10-13'],['118'],['0']
['深圳通创通信有限公司校园招聘（20211021双选会）'],['2021-10-13'],['157'],['0']
['青岛鼎信通讯22届校园招聘简章'],['2021-10-13'],['74'],['0']
['国家计算机网络应急技术处理协调中心国家中心2022年校园招聘'],['2021-10-13'],['499'],['0']
['山东临工2022届校园招聘简章'],['2021-10-13'],['84'],['0']
['深圳市国电科技通信有限公司22届校园招聘'],['2021-10-13'],['132'],['0']
['白城医学高等专科学校2021年招聘高层次人才公告'],['2021-10-13'],['90'],['0']
['厦门市产品质量监督检验院公开招聘专业人才简章'],['2021-10-13'],['49'],['0']
['北京忆芯科技有限公司校园招聘'],['2021-10-13'],['86'],['0']
['航空工业泛华航空仪表电器有限公司招聘'],['2021-10-13'],['175'],['0']
['三环集团2022届未来之星校园招聘'],['2021-10-12'],['248'],['0']
['上海航天八院802所2022届校园招聘'],['2021-10-12'],['248'],['0']
['TCL 实业2022届全球青年人才招聘'],['2021-10-12'],['226'],['0']
['成都天锐星通科技有限公司2022年秋季校园招聘会'],['2021-10-12'],['242'],['0']
['厦门大学嘉庚学院2021-2022学年人才招聘启事'],['2021-10-12'],['87'],['0']
['材料科学姑苏实验室博士后招聘公告'],['2021-10-12'],['65'],['0']
['【成都站】高校人才网2021年秋冬季博士人才现场巡回招聘会邀请函'],['2021-10-12'],['148'],['0']
['福建工程学院2022年师资招聘计划'],['2021-10-12'],['58'],['0']
['福建工程学院马克思主义学院教学科研人员招聘启事'],['2021-10-12'],['32'],['0']
['厦门工学院2021-2022学年高层次人才（博士）引进计划'],['2021-10-12'],['48'],['0']
['闽江学院2021年度高层次人才招聘公告'],['2021-10-12'],['31'],['0']
['中科南京智能技术研究院招聘简章'],['2021-10-12'],['98'],['0']
['无锡先进技术院研究院2022年校园招聘简章'],['2021-10-12'],['113'],['0']
['人社部指导-中博会高层次人才洽谈会 （2021年度）秋季巡回面试会-电子科技大学线下硕博专场'],['2021-10-12'],['298'],['0']
['益思芯科技---创新DPU的先行者 诚邀加盟'],['2021-10-12'],['44'],['0']
['中国电科五十所招聘通信研发工程师'],['2021-10-12'],['481'],['0']
['北京九章云极2021年10月14日14点-电子科技大学宣讲会-主楼B1-104'],['2021-10-12'],['71'],['0']
['飞芯电子2022届校园招聘'],['2021-10-12'],['174'],['0']
['衢州职业技术学院高层次人才引进公告'],['2021-10-12'],['103'],['0']
['湖南天河国云2021秋招'],['2021-10-12'],['75'],['0']
['苏州顺芯半导体有限公司2022届校园招聘'],['2021-10-12'],['82'],['0']
['上海复旦微电子集团股份有限公司2022年校园招聘'],['2021-10-12'],['142'],['0']
['南京科远智慧科技集团电子科技大学专场宣讲会(10月14日 品学楼 b206 14:00)'],['2021-10-12'],['63'],['0']
['光启2022年校招'],['2021-10-12'],['131'],['0']
['中国科学院武汉岩土力学研究所科研岗位和特别研究助理（含博士后）招聘简章'],['2021-10-12'],['86'],['0']
['广州金融控股集团2021年博士后招聘'],['2021-10-11'],['49'],['0']
['中国科学院微小卫星创新研究院2022届校园招聘'],['2021-10-11'],['138'],['0']
['中国石化上海石油化工研究院2021年人才招聘'],['2021-10-11'],['83'],['0']
['广州华夏职业学院2021年招聘公告'],['2021-10-11'],['54'],['0']
['江苏科技大学2021年诚聘海内外优秀人才'],['2021-10-11'],['71'],['0']
['西南医科大学2021年诚聘海内外英才'],['2021-10-11'],['87'],['0']
['中国科学院微电子研究所低功耗智能芯片与系统团队招聘'],['2021-10-11'],['110'],['0']
['南通大学电气工程学院诚聘海内外英才'],['2021-10-11'],['46'],['0']
['成都医学院2021年直接考核招聘博士、副高及以上高层次人才公告'],['2021-10-11'],['93'],['0']
['福建永福电力设计股份有限公司2022年校园招聘'],['2021-10-11'],['56'],['0']
['中国科学报社2022年毕业生招聘启事'],['2021-10-11'],['73'],['0']
['纵目科技2022校园招聘 ——万纵瞩目，只因有你'],['2021-10-11'],['76'],['0']
['惠州华阳通用2022届校园招聘简章'],['2021-10-11'],['37'],['0']
['贵州医科大学2021年引进人才公告'],['2021-10-11'],['87'],['0']
['爱凡哲投资管理有限公司IT运维工程师2022招聘'],['2021-10-11'],['32'],['0']
['西南证券2022届秋季校园招聘'],['2021-10-11'],['86'],['0']
['成都精灵云科技有限公司2022届校招'],['2021-10-11'],['197'],['0']
['成方金融科技有限公司（中国人民银行软件开发中心）2022年校园招聘'],['2021-10-11'],['90'],['0']
['成都先导药物开发股份有限公司2022届校园招聘'],['2021-10-11'],['132'],['0']
['高层次人才网秋冬季博士专场网络视频双选会'],['2021-10-11'],['108'],['0']
['巢湖学院2021年度专职辅导员公开招聘（第二批）预公告'],['2021-10-11'],['94'],['0']
['清华四川能源互联网研究院人力资源实习生招聘'],['2021-10-11'],['220'],['0']
['首都师范大学2021年博士后科研人员招收公告'],['2021-10-11'],['59'],['0']
['物泊科技2022届校园招聘-“领航”计划'],['2021-10-11'],['74'],['0']
['江苏鑫康微电子科技有限公司招聘'],['2021-10-10'],['22'],['0']
['启明信息技术股份有限公司2022年校园招聘简章'],['2021-10-10'],['164'],['0']
['苏州大学未来校区人才招聘公告'],['2021-10-10'],['168'],['0']
['深圳迈塔兰斯科技有限公司2022校园招聘'],['2021-10-10'],['124'],['0']
['网易有道2022校园招聘宣讲会'],['2021-10-10'],['228'],['0']
['兴业银行深圳分行2022届校园招聘'],['2021-10-10'],['90'],['0']
['声网Agora2022校园招聘'],['2021-10-09'],['138'],['0']
['声网2022校园大使'],['2021-10-09'],['104'],['0']
['中国科学院上海巴斯德研究所2021年度招'],['2021-10-09'],['194'],['0']
['成都新易盛通信技术股份有限公司2022届校园招聘'],['2021-10-09'],['206'],['0']
['金控公司-股权投资岗'],['2021-10-09'],['100'],['0']
['旗遇未来，云程万里——达实旗云2022届校园招聘会'],['2021-10-09'],['87'],['0']
['暨南大学附属第一医院最高年薪66万+招聘博士后'],['2021-10-09'],['45'],['0']
['台州学院高等研究院大数据智能医疗研究所招聘启事'],['2021-10-09'],['36'],['0']
['中国联通智网创新中心2022校园招聘'],['2021-10-09'],['44'],['0']
['（浙江）丽水学院2021年下半年人才招聘启事'],['2021-10-09'],['41'],['0']
['苏州国际发展集团有限公司博士后招聘'],['2021-10-09'],['31'],['0']
['河北农业大学2021年选聘博士公告'],['2021-10-09'],['49'],['0']
['苏州系统医学研究所2021-2022年招聘'],['2021-10-09'],['42'],['0']
['深信服科技2022校招市场&技服专项'],['2021-10-09'],['70'],['0']
['河北化工医药职业技术学院2021年选聘工作人员公告（空余岗位）'],['2021-10-09'],['56'],['0']
['霍莱沃2022校园招聘'],['2021-10-09'],['75'],['0']
['浦汇金英 创造卓越 —— 浦银租赁2022年度校园招聘'],['2021-10-09'],['89'],['0']
['“新能源时代，奋发有为”惠州亿纬锂能股份有限公司2022校园招聘'],['2021-10-08'],['109'],['0']
['广西医科大学2021年博士人才招聘公告'],['2021-10-08'],['67'],['0']
['中国航发商发2022届校园招聘简章'],['2021-10-08'],['149'],['0']
['四川航天七零六信息科技有限公司校园招聘启事'],['2021-10-08'],['520'],['0']
['深圳通创通信有限公司校园招聘'],['2021-10-08'],['112'],['0']
['富迪科技（南京）有限公司2022届校园招聘'],['2021-10-08'],['81'],['0']
['国网湖北省电力有限公司2022年校园招聘公告'],['2021-10-08'],['354'],['0']
['华夏理财有限责任公司2022年校园招聘启事'],['2021-10-08'],['73'],['0']
['浙江大学王绪化团队招聘博士后和科研助理'],['2021-10-08'],['57'],['0']
['山东省科学院海洋仪器仪表研究所齐鲁工业大学（山东省科学院）海洋技术科学学院招聘'],['2021-10-08'],['50'],['0']
['中国科学院长春应用化学研究所2021年度招聘启事'],['2021-10-08'],['44'],['0']
['香港中文大学（深圳）诚聘海内外优秀人才'],['2021-10-08'],['55'],['0']
['东北农业大学2021年下半年人才公开招聘公告'],['2021-10-08'],['59'],['0']
['中国网安（含中国电科三十所）2022届校园招聘'],['2021-10-08'],['558'],['0']
['潍坊学院2021年人才招聘启事'],['2021-10-08'],['77'],['0']
['高层次人才网秋冬季博士专场网络视频双选会'],['2021-10-08'],['94'],['0']
['厦门市产品质量监督检验院公开招聘专业人才简章'],['2021-10-08'],['77'],['0']
['北京国望—“科研、管理工程师”招募（10.12线下宣讲）'],['2021-10-08'],['90'],['0']
['巨磁智能【长沙研发中心】2022年秋季校园招聘'],['2021-10-08'],['73'],['0']
['成都中医药大学2021年10月招聘编制外工作人员公告'],['2021-10-08'],['186'],['0']
['成都中医药大学2021年10月招聘辅导员公告'],['2021-10-08'],['488'],['0']
['ASM先进科技（中国）有限公司 2022校园招聘'],['2021-10-08'],['207'],['0']
['衡阳镭目科技有限责任公司2022校园招聘来袭！'],['2021-10-08'],['68'],['0']
['四川传媒学院招聘公告'],['2021-10-08'],['826'],['0']
['中科院空天院粤港澳大湾区研究院2022年度校园招聘'],['2021-10-08'],['195'],['0']
['国家开发银行新疆分行2022年高校毕业生招聘公告'],['2021-10-07'],['108'],['0']
['大连海事大学航海学院地理信息科学专业诚聘优秀人才'],['2021-10-07'],['91'],['0']
['烟台东方威思顿电气有限公司2022届校园招聘简章'],['2021-10-07'],['53'],['0']
['浙江泰隆商业银行2022届秋季校园招聘'],['2021-10-07'],['46'],['0']
['国开金融有限责任公司2022年高校毕业生招聘公告'],['2021-10-07'],['118'],['0']
['深圳英飞源技术有限公司 2022届校园招聘'],['2021-10-07'],['74'],['0']
['投身高新发展·闪耀星晨未来——沈阳高发投集团“管理培训生-星晨计划”校园招聘'],['2021-10-07'],['47'],['0']
['中孚信息2022校园招聘'],['2021-10-06'],['257'],['0']
['滨州职业学院2021年博士招聘'],['2021-10-06'],['99'],['0']
['南京大学普惠三农金融科技创新研究中心2021青年教师（大数据AI区块链）岗招聘'],['2021-10-05'],['126'],['0']
['深圳市微源半导体股份有限公司'],['2021-10-05'],['57'],['0']
['国家开发银行广西分行2022年高校毕业生招聘公告'],['2021-10-04'],['200'],['0']
['中国船舶集团第七〇九研究所2022年校园招聘'],['2021-10-03'],['620'],['0']
['深圳市同为数码科技股份有限公司2022届校园招聘'],['2021-09-30'],['249'],['0']
['金元证券股份有限公司2022届应届生校园招聘'],['2021-09-30'],['149'],['0']
['即刻出发 铂力特2022“新特力”校园招聘全面开启'],['2021-09-30'],['185'],['0']
['2022威高（苏州）医疗器械研究院有限公司秋季招聘'],['2021-09-30'],['199'],['0']
['华润电科院2022届校园招聘启动啦'],['2021-09-30'],['339'],['0']
['2022届通创通信校园招聘'],['2021-09-30'],['148'],['0']
['成都寰蓉光电科技有限公司招聘信息'],['2021-09-30'],['274'],['0']
['南京摄星智能2022届应届毕业生招聘简章'],['2021-09-30'],['97'],['0']
['上海大学2022年博士毕业生招聘（流动编制）'],['2021-09-30'],['148'],['0']
['国家超级计算济南中心“百千万”人才工程 诚聘优秀博士'],['2021-09-30'],['110'],['0']
['重庆国际免疫研究院2021年人才招聘'],['2021-09-30'],['121'],['0']
['重庆邮电大学2021-2022年招聘启事'],['2021-09-30'],['260'],['0']
['重庆工程学院2021-2022年教职工招聘简章'],['2021-09-30'],['197'],['0']
['嘉应学院2021-2022年人才引进'],['2021-09-30'],['102'],['0']
['滨州学院诚聘海内外优秀人才'],['2021-09-30'],['78'],['0']
['海南热带海洋学院公开招聘二级学院院长、副院长及部分机关教辅负责人公告'],['2021-09-30'],['35'],['0']
['国信证券股份有限公司博士后科研工作站 2022年招收博士后'],['2021-09-30'],['51'],['0']
['2021年下半年广东省汕尾市事业单位公开招聘高层次急需紧缺人才公告'],['2021-09-30'],['109'],['0']
['维塔士游戏成都工作室2022届秋招'],['2021-09-30'],['103'],['0']
['成都深蓝思维信息技术有限公司招聘软件开发工程师'],['2021-09-30'],['123'],['0']
['宁波市面向2022届优秀高校毕业生选聘高层次紧缺人才综合公告'],['2021-09-30'],['169'],['0']
['巨磁智能【长沙研发中心】2022年秋季校园招聘'],['2021-09-30'],['68'],['0']
['成都东软学院2022年校园招聘'],['2021-09-29'],['420'],['0']
['国科电雷（北京）电子装备技术有限公司成都分公司2022年校园招聘'],['2021-09-29'],['212'],['0']
['四川省地质工程勘察院集团有限公司2022年招聘公告'],['2021-09-29'],['194'],['0']
['浦发银行科技子公司（筹）2022年度校园招聘'],['2021-09-29'],['174'],['0']
['广东机电职业技术学院、广东省博士工作站2021年博士研究生招聘公告'],['2021-09-29'],['76'],['0']
['厦门大学嘉庚学院2021-2022学年人才招聘启事'],['2021-09-29'],['76'],['0']
['材料科学姑苏实验室博士后招聘公告'],['2021-09-29'],['60'],['0']
['广东智能无人系统研究院 2022年校园招聘公告'],['2021-09-29'],['134'],['0']
['厦门工学院2021-2022学年高层次人才（博士）引进计划'],['2021-09-29'],['55'],['0']
['闽江学院2021年度高层次人才招聘公告'],['2021-09-29'],['42'],['0']
['南京工业大学马克思主义学院诚聘高层次人才'],['2021-09-29'],['55'],['0']
['苏州高端彩超制造商-苏州飞依诺科技 热招机械、电子、生物医学工程等专业应届学生'],['2021-09-29'],['74'],['0']
['北京国双2022年校园招聘 ——初生一派，数智未来'],['2021-09-29'],['78'],['0']
['采埃孚中国2022届校园宣讲会'],['2021-09-29'],['138'],['0']
['智能安防和自动驾驶领域人工智能芯片的设计和应用，暨为旌科技2022届校园招聘宣讲会'],['2021-09-29'],['149'],['0']
['苏州鸿凌达电子2022年校园招聘'],['2021-09-29'],['113'],['0']
['高层次人才网秋冬季博士专场网络视频双选会'],['2021-09-29'],['77'],['0']
['国防科技大学气象海洋学院教学岗位人员招聘公告'],['2021-09-29'],['92'],['0']
['新疆大学信息科学与工程学院 招聘简介'],['2021-09-29'],['191'],['0']
['生物医学硕博人才-安必奇生物2022届校园招聘'],['2021-09-29'],['86'],['0']
['小初高各科专任教师'],['2021-09-29'],['238'],['0']
['信梦想，期未来 | 中信期货2022校园招聘'],['2021-09-29'],['75'],['0']
['凯迈（洛阳）测控有限公司2022年校园招聘公告'],['2021-09-28'],['119'],['0']
['意昂神州-中原国际新能源汽车院-实习生招聘'],['2021-09-28'],['88'],['0']
['湖北省招标股份有限公司2022校园招聘'],['2021-09-28'],['78'],['0']
['康明斯2022届秋季校园招聘全面启动'],['2021-09-28'],['175'],['0']
['中国能源建设集团安徽省电力设计院有限公司 2022年高校应届毕业生招聘公告'],['2021-09-28'],['131'],['0']
['中国航发沈阳发动机研究所2022届校园招聘全面启动'],['2021-09-28'],['111'],['0']
['中德证券有限责任公司2022年校园招聘'],['2021-09-28'],['85'],['0']
['中国科学院微小卫星创新研究院2022届校园招聘'],['2021-09-28'],['219'],['0']
['“我敢做Star”赛思倍斯2022届校园招聘'],['2021-09-28'],['108'],['0']
['奇安信集团2022秋季校园招聘简章'],['2021-09-28'],['163'],['0']
['中国电子科技集团公司第五十研究所2022校园招聘公告'],['2021-09-28'],['493'],['0']
['武汉华海通用电气有限公司'],['2021-09-28'],['48'],['0']
['关于中外人文交流（重庆） 试验园区·成渝双城（荣昌） 国际教育小镇建设办公室的招聘公告'],['2021-09-28'],['206'],['0']
['重庆外语外事学院公开招聘2021年人才招聘空缺岗位一览表'],['2021-09-28'],['156'],['0']
['资本市场学院2022年应届毕业生招聘公告'],['2021-09-28'],['104'],['0']
['长沙银行2022全球校园招聘启事'],['2021-09-28'],['89'],['0']
['中国兵器工业第五九研究所2022英才招聘'],['2021-09-28'],['492'],['0']
['巨鲨医疗2022届秋招招聘简章'],['2021-09-28'],['101'],['0']
['广西钦州市钦南区2021年“引才聚贤” 集中招聘公告'],['2021-09-27'],['330'],['0']
['10月22日 | 国内高校联合举办（第十七届）博士人才云端招聘会'],['2021-09-27'],['77'],['0']
['【校园直通卡 方以汇聚】上海卡方信息科技2022校招'],['2021-09-27'],['90'],['0']
['中国化学华陆工程科技有限责任公司2022年校园招聘'],['2021-09-27'],['105'],['0']
['“服务央行，筑梦成方”-成方金融科技有限公司2022年校园招聘'],['2021-09-27'],['141'],['0']
['和利时集团2022届校园招聘'],['2021-09-27'],['123'],['0']
['中国石油集团昆仑数智科技有限责任公司2022届毕业生招聘简章'],['2021-09-27'],['112'],['0']
['华南中石油国际事业有限公司2022年应届毕业生管培岗（编内）'],['2021-09-27'],['115'],['0']
['广西中石油国际事业有限公司2022届应届高校毕业生招聘'],['2021-09-27'],['66'],['0']
['万众一芯2022届校园招聘'],['2021-09-27'],['245'],['0']
['中国航天科工南京晨光集团2022校园招聘'],['2021-09-27'],['224'],['0']
['广州华夏职业学院2021年招聘公告'],['2021-09-27'],['75'],['0']
['苏州系统医学研究所2021年招聘'],['2021-09-27'],['50'],['0']
['意昂神州- 中原国际新能源汽车研究院2021年校园招聘'],['2021-09-27'],['75'],['0']
['西南医科大学2021年诚聘海内外英才'],['2021-09-27'],['88'],['0']
['江苏科技大学2021年诚聘海内外优秀人才'],['2021-09-27'],['62'],['0']
['上海思博职业技术学院2021年招聘信息'],['2021-09-27'],['53'],['0']
['贝特莱电子2022年校园招聘'],['2021-09-27'],['115'],['0']
['江苏交控2022届高校毕业生及在职人才招聘公告'],['2021-09-27'],['48'],['0']
['荣耀2022届营销服务部校招开启!'],['2021-09-27'],['85'],['0']
['“福载青春，耀你同行”福耀集团2022年校园招聘空中宣讲会研发技术专长'],['2021-09-27'],['59'],['0']
['2022年上海中核浦原校园招聘会'],['2021-09-27'],['71'],['0']
['中国热带农业科学院南亚热带作物研究所湛江站实验站2021年博士研究生人员岗位公开招聘公告'],['2021-09-27'],['83'],['0']
['烟台东方威思顿电气有限公司2022届校园招聘简章'],['2021-09-27'],['72'],['0']
['广西科技大学2021-2022年面向海内外诚聘优秀人才'],['2021-09-27'],['124'],['0']
['杭州沃镭智能2022届校园招聘'],['2021-09-27'],['94'],['0']
['曲靖市商业银行股份有限公司'],['2021-09-27'],['63'],['0']
['中国科学院海西研究院泉州装备制造研究所 信号处理与微波系统创新团队招聘启事'],['2021-09-27'],['104'],['0']
['中国电科13所2022届校园招聘（石家庄、苏州）'],['2021-09-27'],['253'],['0']
['万集科技2022届校园招聘'],['2021-09-26'],['146'],['0']
['东北电力大学2021年秋季招聘公告'],['2021-09-26'],['108'],['0']
['中国船舶第八研究院（扬州院区·原七二三所）诚聘人才公告'],['2021-09-26'],['195'],['0']
['中国电子科技集团公司第四十一研究所2022校园招聘'],['2021-09-26'],['554'],['0']
['艾瑞巴蒂，快到Marvel Stone的碗里来！！！'],['2021-09-26'],['159'],['0']
['成都新易盛通信2022届校园大使招聘'],['2021-09-26'],['114'],['0']
['成都新易盛通信2022校招空中宣讲会'],['2021-09-26'],['76'],['0']
['成都新易盛通信技术股份有限公司2022届校园招聘'],['2021-09-26'],['162'],['0']
['我们的芯片改变世界 ——安凯微电子2022届校园招聘'],['2021-09-26'],['109'],['0']
['北京仁和益科技发展有限公司2022年校园招聘'],['2021-09-26'],['61'],['0']
['河北农业大学2021年选聘博士公告'],['2021-09-26'],['51'],['0']
['暨南大学附属第一医院最高年薪66万+招聘博士后'],['2021-09-26'],['61'],['0']
['台州学院高等研究院大数据智能医疗研究所招聘启事'],['2021-09-26'],['40'],['0']
['丽水学院2021年下半年人才招聘启事'],['2021-09-26'],['67'],['0']
['中国建设银行信用卡中心2022年度校园招聘'],['2021-09-26'],['148'],['0']
['佛山仙湖实验室招聘启事'],['2021-09-26'],['66'],['0']
['中国电科第四十七研究所2022届校园招聘'],['2021-09-26'],['399'],['0']
['巨磁智能【长沙研发中心】2022年秋季校园招聘'],['2021-09-26'],['64'],['0']
['东莞市天域半导体科技有限公司TYSiC2022校园招聘'],['2021-09-26'],['111'],['0']
['2022应届生（本科、硕士）'],['2021-09-26'],['264'],['0']
['山东第一医科大学（山东省医学科学院）诚邀海内外青年才俊参加2021国际青年学者论坛'],['2021-09-26'],['39'],['0']
['成都稳海半导体有限公司2022年校园招聘--模拟IC设计、器件开发、版图设计工程师'],['2021-09-26'],['180'],['0']
['江苏医药职业学院2021年拟公开招聘计划'],['2021-09-26'],['41'],['0']
['湖州职业技术学院2021年下半年招聘辅导员公告'],['2021-09-26'],['88'],['0']
['广州安凯微电子股份有限公司招聘校园大使'],['2021-09-26'],['76'],['0']
['山东第一医科大学（山东省医学科学院）'],['2021-09-26'],['84'],['0']
['中国船舶第七一六研究所2022校园招聘'],['2021-09-25'],['318'],['0']
['南京长江电子信息产业集团有限公司2022届校园招聘'],['2021-09-25'],['240'],['0']
['滨州医学院2021年面向全球招聘200名博士'],['2021-09-24'],['117'],['0']
['“电”亮未来，邀你奔赴星辰大海！ ——西安电子科技大学2022届校园招聘公告'],['2021-09-24'],['451'],['0']
['宽普科技2022年校园招聘'],['2021-09-24'],['182'],['0']
['启元世界2022届校园招聘启动啦！'],['2021-09-24'],['140'],['0']
['成方金融科技有限公司2022年校园招聘'],['2021-09-24'],['153'],['0']
['中科院苏州医工所2021年度校园招聘公告'],['2021-09-24'],['115'],['0']
['中国移动党校（中国移动人才发展中心） 2022校园招聘'],['2021-09-24'],['414'],['0']
['【传音控股】22届秋季校园招聘'],['2021-09-24'],['159'],['0']
['南京科瑞达电子装备有限责任公司2022年校园招聘'],['2021-09-24'],['112'],['0']
['深圳元象XVERSE2022校园招聘'],['2021-09-24'],['71'],['0']
['浙江大学王绪化团队招聘博士后和科研助理'],['2021-09-24'],['70'],['0']
['中国科学院长春应用化学研究所2021年度招聘启事'],['2021-09-24'],['56'],['0']
['2022恩斯克秋季校园招聘全面启动'],['2021-09-24'],['94'],['0']
['香港中文大学（深圳）诚聘海内外优秀人才'],['2021-09-24'],['79'],['0']
['陆军军医大学战创伤医学中心2021年人才招聘'],['2021-09-24'],['116'],['0']
['先临三维2022校园招聘'],['2021-09-24'],['78'],['0']
['广州中望龙腾软件股份有限公司2022届校园招聘简章'],['2021-09-24'],['52'],['0']
['成都中科创达2022届校园招聘'],['2021-09-24'],['237'],['0']
['宿迁学院2021年高层次人才招聘公告'],['2021-09-24'],['51'],['0']
['湖南毂梁微电子有限公司2021招聘信息'],['2021-09-24'],['53'],['0']
['达诚基金2022年招聘信息'],['2021-09-24'],['44'],['0']
['西门子工业自动化产品（成都）有限公司 “新生力量” 2022届校园招聘'],['2021-09-24'],['247'],['0']
['趣之江，让世界看见你-之江实验室2022届校园招聘公告'],['2021-09-24'],['77'],['0']
['理想汽车2022届校园招聘火热来袭'],['2021-09-23'],['225'],['0']
['中国石油集团渤海钻探工程有限公司校招'],['2021-09-23'],['157'],['0']
['携手飞粤，遇见未来！ ——中国石化广东石油2022届校园招聘正式启动'],['2021-09-23'],['123'],['0']
['2021年“连聚英才·智汇港城”高校行（成都） 专场推介会招聘信息汇总'],['2021-09-23'],['190'],['0']
['德邦快递德邦科技22届校园招聘'],['2021-09-23'],['150'],['0']
['浙江臻镭科技股份有限公司2022届校招'],['2021-09-23'],['72'],['0']
['上海市金山区2022年选调生及储备人才 招录公告'],['2021-09-23'],['316'],['0']
['厦门建发股份有限公司2022届秋招'],['2021-09-23'],['53'],['0']
['中国航天科工集团八五一一研究所2022校园招聘公告'],['2021-09-23'],['266'],['0']
['重庆国际免疫研究院2021年人才招聘'],['2021-09-23'],['69'],['0']
['陕西飞机工业有限责任公司2022届秋季校园招聘会'],['2021-09-23'],['134'],['0']
['重庆邮电大学2021-2022年招聘启事'],['2021-09-23'],['258'],['0']
['重庆工程学院2021-2022年教职工招聘简章'],['2021-09-23'],['129'],['0']
['嘉应学院2021-2022年人才招聘'],['2021-09-23'],['54'],['0']
['福建工程学院马克思主义学院教学科研人员招聘启事'],['2021-09-23'],['37'],['0']
['福建工程学院2022年师资招聘计划'],['2021-09-23'],['50'],['0']
['南京信息工程大学自动化学院精密仪器与设备课题组招聘启事'],['2021-09-23'],['62'],['0']
['镭宝光电2022年校招信息'],['2021-09-23'],['123'],['0']
['广西师范大学2021年人才招聘公告'],['2021-09-23'],['93'],['0']
['实习研究员【本翼资本】'],['2021-09-23'],['50'],['0']
['鸿芯微纳2022届校园招聘'],['2021-09-23'],['120'],['0']
['中国工商银行云南省分行2022年度校园招聘'],['2021-09-23'],['76'],['0']
['中国工商银行2022年度秋季校园招聘启事'],['2021-09-23'],['221'],['0']
['松山湖材料实验室2022届校园招聘，即日启动！'],['2021-09-23'],['155'],['0']
['东方日立（成都）电控设备有限公司2022年招聘信息'],['2021-09-23'],['108'],['0']
['青岛大学转化医学研究院高薪诚聘海内外优秀青年人才'],['2021-09-23'],['61'],['0']
['重庆智能工程职业学院2021年诚聘海内外优秀人才'],['2021-09-23'],['146'],['0']
['西南医科大学2021年校本部全职引进博士'],['2021-09-23'],['91'],['0']
['安克创新2022届秋季校园招聘'],['2021-09-23'],['86'],['0']
['绥化学院2021年下半年公开招聘专职辅导员公告'],['2021-09-23'],['44'],['0']
['湖州职业技术学院2021年下半年招聘辅导员公告'],['2021-09-23'],['58'],['0']
['北京国望——“科研（光机电软热力控物化数）、管理工程师”招募'],['2021-09-23'],['65'],['0']
['洛阳麦斯克电子材料股份有限公司多个岗位招聘'],['2021-09-23'],['106'],['0']
['中国计量大学2021年诚聘海内外优秀人才公告'],['2021-09-23'],['82'],['0']
['腾盾科创2022届英才计划校园招募令'],['2021-09-23'],['75'],['0']
['中海油研究总院有限责任公司 博士后科研工作站 2022年博士后招收启事'],['2021-09-23'],['89'],['0']
['中海油研究总院有限责任公司 2022年应届毕业生招聘启事'],['2021-09-23'],['170'],['0']
['张江实验室光子芯片研发部博士后招聘公告'],['2021-09-23'],['107'],['0']
['内蒙古大学常年引进高层次人才公告（中英文版）'],['2021-09-22'],['104'],['0']
['黄河科技学院招聘信息'],['2021-09-22'],['112'],['0']
['方太集团2021招聘'],['2021-09-22'],['132'],['0']
['特变电工2022届校园招聘'],['2021-09-22'],['116'],['0']
['福信集团2022届校园招聘简章'],['2021-09-22'],['105'],['0']
['龙腾半导体股份有限公司2022届校园招聘'],['2021-09-22'],['158'],['0']
['成都芯盟微科技秋招开始啦'],['2021-09-22'],['231'],['0']
['唐山市环境规划科学研究院（唐山市生态环境宣传教育中心）校园招聘'],['2021-09-22'],['54'],['0']
['大数据建模实习生'],['2021-09-22'],['85'],['0']
['洛阳麦斯克电子材料股份有限公司多岗位招聘'],['2021-09-22'],['56'],['0']
['中国网安（含中国电科三十所）2022届校园招聘'],['2021-09-22'],['453'],['0']
['广东机电职业技术学院、广东省博士工作站2021年博士研究生招聘公告'],['2021-09-22'],['57'],['0']
['厦门大学嘉庚学院2021-2022学年人才招聘启事'],['2021-09-22'],['79'],['0']
['材料科学姑苏实验室博士后招聘公告'],['2021-09-22'],['60'],['0']
['厦门工学院2021-2022学年高层次人才（博士）引进计划'],['2021-09-22'],['56'],['0']
['闽江学院2021年度高层次人才招聘公告'],['2021-09-22'],['45'],['0']
['清华大学材料课题组招聘热电/热障/结构陶瓷博士后'],['2021-09-22'],['42'],['0']
['高层次人才网秋冬季博士专场网络视频双选会'],['2021-09-22'],['51'],['0']
['蘑菇街2022届秋招开启啦-研发专场'],['2021-09-22'],['103'],['0']
['北方夜视科技（南京）研究院有限公司2022校园招聘简章'],['2021-09-22'],['103'],['0']
['民航机场成都电子工程设计有限责任公司2022年校园招聘'],['2021-09-22'],['92'],['0']
['“让青春+嘉速不凡”嘉银金科2022校园招聘'],['2021-09-22'],['130'],['0']
['中南电力设计院有限公司2022年校园招聘简章'],['2021-09-22'],['316'],['0']
['中国工程物理研究院化工材料研究所2021秋季校园招聘'],['2021-09-21'],['335'],['0']
['象帝先计算技术（重庆）有限公司'],['2021-09-21'],['222'],['0']
['杭州士兰微电子股份有限公司2022届校招岗位'],['2021-09-21'],['236'],['0']
['烟台东方威思顿电气有限公司2022届校园招聘简章'],['2021-09-21'],['113'],['0']
['民航机场成都电子工程设计有限责任公司2022年校园招聘'],['2021-09-20'],['574'],['0']
['寒武纪2022届校园招聘全面进行中'],['2021-09-19'],['366'],['0']
['中国科学院微小卫星创新研究院2022届校园招聘'],['2021-09-19'],['312'],['0']
['济宁医学院2021年诚聘人才及青年博士'],['2021-09-19'],['92'],['0']
['“研创家 营未来”中国移动杭州研发中心（智慧家庭运营中心） 2022研创家校园招聘'],['2021-09-19'],['155'],['0']
['全国招募专利工程师-集佳2022校园招聘'],['2021-09-19'],['86'],['0']
['国民技术股份有限公司2022年校招信息'],['2021-09-19'],['139'],['0']
['武汉博畅通信设备有限责任公司校园招聘'],['2021-09-19'],['128'],['0']
['中国航天科工集团第四研究院十七所2022届毕业生招聘'],['2021-09-19'],['634'],['0']
['空间载荷总体技术研究室（航天二院二十五所十一室）招聘信息'],['2021-09-19'],['434'],['0']
['武汉云岭光电诚聘以下职位'],['2021-09-18'],['150'],['0']
['【左医科技】【校园招聘2022届】'],['2021-09-18'],['125'],['0']
['中国电子科技集团航空电子公司 2022届“航U星”招募'],['2021-09-18'],['564'],['0']
['浙江农业商贸职业学院2021年下半年专任教师招聘公告'],['2021-09-18'],['138'],['0']
['立功科技·致远电子2022校园招聘'],['2021-09-18'],['221'],['0']
['西南医科大学附属口腔医院2021年招聘简章'],['2021-09-18'],['108'],['0']
['盛路通信2022届校园招聘'],['2021-09-18'],['200'],['0']
['重庆长安望江工业集团有限公司2022届校招简章'],['2021-09-18'],['245'],['0']
['贵州中医药大学2021年人才引进公告'],['2021-09-18'],['92'],['0']
['广芯电子技术(上海)股份有限公司招聘微电子、电子类相关专业应届毕业生若干名'],['2021-09-18'],['158'],['0']
['2022届秋季招聘'],['2021-09-18'],['227'],['0']
['巨磁智能【长沙研发中心】2022年秋季校园招聘'],['2021-09-18'],['92'],['0']
['中海达2022届校园招聘'],['2021-09-18'],['170'],['0']
['蓝月亮2022秋季校园招聘'],['2021-09-17'],['120'],['0']
['江苏省工程咨询中心有限公司 2021年度招聘公告'],['2021-09-17'],['67'],['0']
['浙江清华柔性电子技术研究院2022届全球校园招聘启动啦！'],['2021-09-17'],['162'],['0']
['华发股份2022届校园招聘简章'],['2021-09-17'],['170'],['0']
['星火燎原 梦想启航|湖南三湘银行2022校园招聘'],['2021-09-17'],['92'],['0']
['希微科技2022校园招募'],['2021-09-17'],['186'],['0']
['航天恒星2022届校园招聘'],['2021-09-17'],['321'],['0']
"['""同芯同行，创芯无限""——翠展微电子（上海）有限公司2022年校园招聘']",['2021-09-17'],['123'],['0']
['边缘计算应用开发实习'],['2021-09-17'],['76'],['0']
['西门子工业边缘计算-校园负责人'],['2021-09-17'],['109'],['0']
['武汉达梦数据库有限公司2022年校园招聘'],['2021-09-17'],['61'],['0']
['广州华夏职业学院2021年招聘公告'],['2021-09-17'],['76'],['0']
['苏州系统医学研究所2021年招聘'],['2021-09-17'],['55'],['0']
['西南医科大学2021年诚聘海内外英才'],['2021-09-17'],['80'],['0']
['江苏科技大学2021年诚聘海内外优秀人才'],['2021-09-17'],['83'],['0']
['闽南师范大学2021年诚纳英才'],['2021-09-17'],['48'],['0']
['碧桂园集团数管中心招聘'],['2021-09-17'],['96'],['0']
['中国石化大连石油化工研究院2022年校园招聘简章'],['2021-09-17'],['88'],['0']
['富途集团2022届秋季校园招聘简章'],['2021-09-17'],['96'],['0']
['绥化学院2021年下半年公开招聘 专任教师、管理人员公告'],['2021-09-17'],['79'],['0']
['湖州职业技术学院2021年下半年招聘辅导员公告'],['2021-09-17'],['72'],['0']
['2022年中国葛洲坝集团房地产开发有限公司校园招聘'],['2021-09-17'],['100'],['0']
['迈普通信2022届校园招聘'],['2021-09-17'],['160'],['0']
['中科院成都信息技术股份有限公司2022届秋季校园招聘简章'],['2021-09-17'],['313'],['0']
['成都数字天空科技有限公司2022校园招聘空中宣讲会'],['2021-09-17'],['223'],['0']
['深圳北芯生命科技2022届校园招聘'],['2021-09-17'],['116'],['0']
['中国电子科技集团公司第五十一研究所2022届校园招聘宣讲会'],['2021-09-17'],['422'],['0']
['龙马环卫2022届校园招聘简章'],['2021-09-17'],['130'],['0']
['麦科田校园大使'],['2021-09-16'],['91'],['0']
['青岛大学青岛医学院2021年人才招聘公告'],['2021-09-16'],['99'],['0']
['大客户经理/研发工程师/测试工程师/产品运营等'],['2021-09-16'],['100'],['0']
['广东省新一代通信与网络创新研究院校招简章'],['2021-09-16'],['127'],['0']
['航空工业新航2022届校园招聘'],['2021-09-16'],['288'],['0']
['为旌科技2022届校园招聘'],['2021-09-16'],['90'],['0']
['【人才引进】2021年长沙县事业单位公开招聘高层次人才简章'],['2021-09-16'],['164'],['0']
['南京恒电电子有限公司2022校园招聘'],['2021-09-16'],['73'],['0']
['中国船舶第七一○研究所 2021年校园招聘简章'],['2021-09-16'],['435'],['0']
['河北农业大学2021年选聘博士公告'],['2021-09-16'],['58'],['0']
['台州学院高等研究院大数据智能医疗研究所招聘启事'],['2021-09-16'],['42'],['0']
['暨南大学附属第一医院最高年薪66万+招聘博士后'],['2021-09-16'],['68'],['0']
['中国科学院微生物-招聘岗位'],['2021-09-16'],['116'],['0']
['永赢基金管理有限公司2022年校园招聘'],['2021-09-16'],['65'],['0']
['正荣集团2022校园招聘耀世盛启！'],['2021-09-16'],['124'],['0']
['中电十所 2022届秋季校园招聘简章'],['2021-09-16'],['701'],['0']
['宿迁学院面向海内外公开招聘二级学院院长公告'],['2021-09-16'],['58'],['0']
['中交基础设施养护集团有限公司 2022届校园招聘启事'],['2021-09-16'],['95'],['0']
['河北雄安太芯电子科技有限公司招聘信息'],['2021-09-15'],['233'],['0']
['让未来现在就来-因诺科技2022招聘简章'],['2021-09-15'],['178'],['0']
['广西北投信创科技投资集团有限公司 2022届高校毕业生校园招聘公告'],['2021-09-15'],['108'],['0']
['中国科学院空天信息创新研究院 2022年度校园招聘启事'],['2021-09-15'],['430'],['0']
['西人马科技2022校园招聘--—创梦西人马，引领“芯”希望'],['2021-09-15'],['185'],['0']
['创能科技 智通未来 中汽创智2022届校园招聘正式启动'],['2021-09-15'],['177'],['0']
['常州先趋医疗科技有限公司诚聘优秀人才'],['2021-09-15'],['93'],['0']
['青岛柯锐思德电子科技有限公司2022年招聘信息'],['2021-09-15'],['85'],['0']
['万科集团印力商业成都城市公司 - 万IN生（管理培训生）招聘'],['2021-09-15'],['114'],['0']
['深圳市桑达无线通讯技术有限公司2022年校园招聘启事'],['2021-09-15'],['92'],['0']
['华信咨询设计研究院有限公司2022届秋季校园招聘简章'],['2021-09-15'],['82'],['0']
['柔电院9月18日空宣来袭'],['2021-09-15'],['127'],['0']
['华中师范大学化学学院化学生物学中心招聘博士后'],['2021-09-15'],['55'],['0']
['山东省科学院海洋仪器仪表研究所齐鲁工业大学（山东省科学院）海洋技术科学学院招聘'],['2021-09-15'],['17'],['0']
['中国科学院长春应用化学研究所2021年度招聘启事'],['2021-09-15'],['55'],['0']
['香港中文大学（深圳）诚聘海内外优秀人才'],['2021-09-15'],['103'],['0']
['浙江大学王绪化团队招聘博士后和科研助理'],['2021-09-15'],['53'],['0']
['【空中宣讲】瑞芯微电子2022届校园招聘'],['2021-09-15'],['152'],['0']
['(成都、桂林)中国电子国营第七二二厂2022届校园招聘'],['2021-09-15'],['365'],['0']
['“新能源时代，奋发有为”惠州亿纬锂能股份有限公司2022校园招聘'],['2021-09-15'],['112'],['0']
['“芯科技，共飞腾” 飞腾信息技术有限公司2022届校园招聘简章'],['2021-09-15'],['163'],['0']
['生为改变 联影2022校园招聘正式启动！'],['2021-09-15'],['106'],['0']
['联影2022校园招聘正式启动！'],['2021-09-15'],['161'],['0']
['广州华立学院（广州校区）2021年教师招聘启事'],['2021-09-15'],['91'],['0']
['未来，等你设计。 中国电建四川电力设计咨询公司2022届校园招聘'],['2021-09-15'],['262'],['0']
['金科集团四川区域2022校园招聘'],['2021-09-15'],['165'],['0']
['四川航电微能源2021校内秋季校园大使招聘'],['2021-09-15'],['187'],['0']
['中国航天科技集团第五研究院总体设计部2022年校园招聘'],['2021-09-15'],['813'],['0']
['航空工业特种所职等你来'],['2021-09-15'],['227'],['0']
['【人才引进】洪江市2021年第二轮事业单位引进高层次及急需紧缺人才公告'],['2021-09-15'],['204'],['0']
['成都康圣电子科技有限公司'],['2021-09-15'],['162'],['0']
['福建中科光芯光电科技有限公司2022届校园招聘'],['2021-09-15'],['124'],['0']
['“欧遇青春 创冶未来” 欧冶云商2022届校园招聘'],['2021-09-15'],['92'],['0']
['9月17日 清水河校区品学楼b207 15:00-16:30，佳驰科技2021秋季招聘宣讲会等你来！'],['2021-09-15'],['100'],['0']
['浙江铖昌科技股份有限公司（杭州）2022届校园招聘'],['2021-09-15'],['54'],['0']
['中石化石油机械股份有限公司2022年度校园招聘公告'],['2021-09-15'],['155'],['0']
['潍坊医学院2021年诚聘海内外优秀博士'],['2021-09-14'],['56'],['0']
['杭州芯迈半导体技术有限公司-招聘器件工程师（IC与MOSFET）'],['2021-09-14'],['178'],['0']
['广西中医药大学2021年引进领军人才'],['2021-09-14'],['68'],['0']
['芯昇科技有限公司2022届校园招聘'],['2021-09-14'],['202'],['0']
['成都华托微纳智能传感科技有限公司校招简章'],['2021-09-14'],['162'],['0']
"['Eyes on the Future, Together! VeSync集团2022届校园招聘']",['2021-09-14'],['159'],['0']
['贵阳市创业投资有限公司2021年校园招聘'],['2021-09-14'],['41'],['0']
['西安博瑞集信电子科技有限公司2022届秋季招聘'],['2021-09-14'],['115'],['0']
['“福载青春，耀你同行”福耀集团2022年校园招聘信息'],['2021-09-14'],['110'],['0']
['南京迈矽科微电子科技有限公司校园招聘'],['2021-09-14'],['73'],['0']
['大博医疗科技股份有限公司 2022届校园招聘'],['2021-09-14'],['102'],['0']
['重庆国际免疫研究院2021年人才招聘'],['2021-09-14'],['73'],['0']
['重庆邮电大学2021-2022年招聘启事'],['2021-09-14'],['187'],['0']
['中国电力工程顾问集团西南电力设计院有限公司2022年高校应届毕业生招聘公告'],['2021-09-14'],['204'],['0']
['重庆工程学院2021年高层次人才招聘简章'],['2021-09-14'],['137'],['0']
['嘉应学院2021-2022年人才招聘'],['2021-09-14'],['97'],['0']
['成都国铁电气设备有限公司2022届校园招聘'],['2021-09-14'],['255'],['0']
['中国贸促会专利商标事务所2022秋季校园招聘'],['2021-09-14'],['68'],['0']
['资深车联网科技公司诚聘'],['2021-09-14'],['105'],['0']
['四川航电微能源2021应届毕业生招聘'],['2021-09-14'],['30'],['0']
['华夏银行深圳分行2022届校园招聘'],['2021-09-14'],['71'],['0']
['高层次人才网秋冬季博士专场网络视频双选会'],['2021-09-14'],['54'],['0']
['珠海光库科技2022校园招聘'],['2021-09-14'],['124'],['0']
['中国航天科工集团第六研究院2022届校园招聘'],['2021-09-14'],['511'],['0']
['广西中石油国际事业有限公司2022届应届高校毕业生招聘'],['2021-09-14'],['86'],['0']
['西北电力设计院2022年招聘公告'],['2021-09-14'],['185'],['0']
['中国电子科技集团十四所国睿科技股份有限公司中国电子科技集团十四所国睿科技股份有限公司'],['2021-09-14'],['313'],['0']
['华南中石油国际事业有限公司2022届应届高校毕业生招聘'],['2021-09-14'],['92'],['0']
['荣耀2022届应届生招聘空中宣讲会'],['2021-09-14'],['199'],['0']
['优特科技2022届校园招聘'],['2021-09-14'],['120'],['0']
['杭州长川科技2022校园招聘'],['2021-09-14'],['109'],['0']
['信梦想，期未来 | 中信期货2022校园招聘'],['2021-09-14'],['90'],['0']
['中微电2022届校园招聘简章'],['2021-09-14'],['250'],['0']
['吉利学院 -- 2022届校园招聘'],['2021-09-14'],['200'],['0']
['9月15日（周三）18:30学生活动中心二楼九州厅，鼎阳科技2022届校园招聘宣讲会等你来！'],['2021-09-14'],['67'],['0']
['感知未来，引领未来 中国电科十三所美泰公司2022校园招聘'],['2021-09-14'],['170'],['0']
['北京理工大学重庆创新中心2022届校园招聘'],['2021-09-13'],['152'],['0']
['才汇紫金 宁聚梦想 ——紫金山实验室2022届校园招聘正式启动'],['2021-09-13'],['101'],['0']
['金科集团湖北区域2022校园招聘'],['2021-09-13'],['95'],['0']
['康明斯2022届秋季校园招聘全面启动'],['2021-09-13'],['128'],['0']
['数之联2022校园招聘网申开始啦'],['2021-09-13'],['110'],['0']
['广东机电职业技术学院、广东省博士工作站2021年博士研究生招聘公告'],['2021-09-13'],['42'],['0']
['厦门大学嘉庚学院2021-2022学年人才招聘启事'],['2021-09-13'],['61'],['0']
['材料科学姑苏实验室博士后招聘公告'],['2021-09-13'],['30'],['0']
['中国科学院微电子研究所低功耗智能芯片与系统团队招聘'],['2021-09-13'],['137'],['0']
['中国石油集团渤海钻探工程有限公司校招'],['2021-09-13'],['58'],['0']
['中国科学院武汉岩土力学研究所科研岗位和特别研究助理（含博士后）招聘简章【长期有效】'],['2021-09-13'],['58'],['0']
['北京同达信恒知识产权代理有限公司2021秋季校园招聘'],['2021-09-13'],['68'],['0']
['海信集团2022届校园招聘简章'],['2021-09-13'],['193'],['0']
['中国电子科技集团公司第三十六研究所2022届校园招聘'],['2021-09-13'],['550'],['0']
['科大讯飞2022届秋季校园招聘简章'],['2021-09-13'],['290'],['0']
['巨磁智能【长沙研发中心】2022年秋季校园招聘'],['2021-09-13'],['99'],['0']
['中国电科五十所2022校园招聘公告'],['2021-09-13'],['380'],['0']
['移卡集团 2022届秋季校园招聘'],['2021-09-13'],['128'],['0']
['成都纵横股份-2022届校园招聘会'],['2021-09-13'],['263'],['0']
['中国科学院光电技术研究所2022年校园招聘'],['2021-09-13'],['928'],['0']
['烟台东方威思顿电气有限公司2022秋季校园招聘简章'],['2021-09-13'],['66'],['0']
['中国船舶第七〇五研究所昆明分部2022年校园招聘简章'],['2021-09-12'],['341'],['0']
['成都盟升电子技术股份有限公司'],['2021-09-12'],['292'],['0']
['与你“湘”遇，能“见”未来 ——中国能建湖南院2022年校园招聘“未来合伙人计划”重磅来袭'],['2021-09-12'],['149'],['0']
['武汉高德红外股份有限公司2022届校园招聘'],['2021-09-12'],['183'],['0']
['中国电子科技集团公司第五十一研究所2022届校园招聘简章'],['2021-09-11'],['712'],['0']
"['【9月13日空中宣讲】SGS""质优生项目""全国校招']",['2021-09-11'],['148'],['0']
['深圳市同为数码科技股份有限公司 2022届校园招聘'],['2021-09-11'],['152'],['0']
['中电科新型智慧城市研究院有限公司2022届校园招聘'],['2021-09-10'],['421'],['0']
['意光罩光电科技（济南）有限公司 2022应届毕业生招聘简章'],['2021-09-10'],['239'],['0']
['南京科远智慧科技集团2022届应届生招聘启动！'],['2021-09-10'],['144'],['0']
['衫数科技2022校招'],['2021-09-10'],['33'],['0']
['深圳阜时科技有限公司2022届校园招聘简章'],['2021-09-10'],['124'],['0']
['中国通建设计院2022校园招聘'],['2021-09-10'],['277'],['0']
['高校人才网2021年秋冬季博士人才现场巡回招聘会&视频双选会邀请函'],['2021-09-10'],['120'],['0']
['厦门工学院高层次人才（博士）引进计划'],['2021-09-10'],['78'],['0']
['闽江学院2021年度高层次人才招聘公告'],['2021-09-10'],['84'],['0']
['星环科技2022届校园招聘简章'],['2021-09-10'],['183'],['0']
['恒玄科技2022校园招聘'],['2021-09-10'],['159'],['0']
['【揽尽芳华 润微芯生】 华润微电子2022届秋季校园招聘'],['2021-09-10'],['227'],['0']
['航天电器2022届秋季校园招聘'],['2021-09-10'],['330'],['0']
['佳驰科技 校园宣传大使 招聘'],['2021-09-10'],['131'],['0']
['中国航空工业集团成都凯天电子股份有限公司 2022届校园招聘'],['2021-09-10'],['694'],['0']
['茂名石化2022届高校毕业生招聘'],['2021-09-10'],['108'],['0']
['珠海中科先进技术研究院诚聘科研博士后'],['2021-09-10'],['82'],['0']
['珠海中科先进技术研究院诚聘研发工程师'],['2021-09-10'],['119'],['0']
['内蒙古科技大学机械工程学院博（硕）士及高层次人才招聘'],['2021-09-10'],['105'],['0']
['圆梦寰宇，展翅苍穹 中国航天科工集团八五一一研究所2022校园招聘公告'],['2021-09-10'],['275'],['0']
['无锡中微亿芯有限公司（中国电科下属单位）2022届校园招聘'],['2021-09-10'],['174'],['0']
['西人马联合测控（泉州）科技有限公司'],['2021-09-10'],['80'],['0']
['扬帆远航 创造梦想 加入来颉科技共创未来'],['2021-09-10'],['93'],['0']
['圭目机器人 2022届应届生校园招聘简章'],['2021-09-10'],['29'],['0']
['【金科之星 制造传奇】金科地产中原区域2022年校园招聘'],['2021-09-10'],['71'],['0']
['用芯赋能未来出行，黑芝麻智能科技2022校园招聘'],['2021-09-10'],['130'],['0']
['“勇闯芯未来”— 奕斯伟科技集团 2022届秋季校园招聘'],['2021-09-10'],['238'],['0']
['深圳市民德电子科技股份有限公司2022届校园招聘'],['2021-09-09'],['111'],['0']
['青岛理工大学2021年公开招聘工作人员简章（长期招聘）'],['2021-09-09'],['152'],['0']
['努比亚红魔手机2022届校园招聘'],['2021-09-09'],['85'],['0']
['成都天奥信息科技有限公司2022年招聘信息'],['2021-09-09'],['281'],['0']
['马上消费金融股份有限公司2022届全球校园招聘招生简章'],['2021-09-09'],['67'],['0']
['惠州学院2021年专任教师（博士、硕士）招聘启事'],['2021-09-09'],['119'],['0']
['白日梦游戏2022校园招聘'],['2021-09-09'],['103'],['0']
['能您所能 | 通往幸福 | 2022成都能通科技股份有限公司校~~启航~~'],['2021-09-09'],['172'],['0']
['世界因我而改变——鼎桥通信2022届校园招聘'],['2021-09-09'],['166'],['0']
['飞芯电子招聘激光雷达芯片设计及应用相关人才'],['2021-09-09'],['178'],['0']
['深圳智微电子科技有限公司校园招聘'],['2021-09-09'],['129'],['0']
['成都能通科技股份有限公司招聘'],['2021-09-09'],['252'],['0']
['广州华夏职业学院2021年招聘公告'],['2021-09-09'],['68'],['0']
['苏州系统医学研究所2021年招聘'],['2021-09-09'],['56'],['0']
['西南医科大学2021年诚聘海内外英才'],['2021-09-09'],['120'],['0']
['南京信息工程大学自动化学院精密仪器与设备课题组招聘启事'],['2021-09-09'],['72'],['0']
['英诺赛科科技有限公司2022届校园招聘'],['2021-09-09'],['105'],['0']
['生物医学硕博人才-安必奇生物2022届校园招聘'],['2021-09-09'],['85'],['0']
['2022届上海艾瑞德生物科技有限公司校园招聘公告'],['2021-09-09'],['83'],['0']
['宜矽源半导体南京有限公司——校园招聘'],['2021-09-09'],['110'],['0']
['2022届毕业生招聘会——北京遥感设备研究所'],['2021-09-09'],['103'],['0']
['成都新易盛通信2022校招空中宣讲会'],['2021-09-09'],['96'],['0']
['武汉大学深圳研究院2021年博士后招聘启事'],['2021-09-09'],['51'],['0']
['“研创家 营未来”中国移动杭州研发中心（智慧家庭运营中心） 2022研创家校园招聘'],['2021-09-09'],['113'],['0']
['中国电科天地信息网络研究院（安徽）有限公司招聘简章'],['2021-09-09'],['154'],['0']
['浙江工业职业技术学院公开招聘人员公告（2021年第四批）'],['2021-09-09'],['87'],['0']
['创新型医疗器械公司招研发小伙伴'],['2021-09-09'],['84'],['0']
['东风南方集团【央企】联友科技22届秋季校园招聘'],['2021-09-09'],['193'],['0']
['积微物联集团2022届校园招聘'],['2021-09-09'],['129'],['0']
['2022届大华海外营销中心校园招聘'],['2021-09-09'],['79'],['0']
['中冶赛迪集团2022校园招聘'],['2021-09-09'],['195'],['0']
['北方华创微电子2022校园招聘'],['2021-09-09'],['146'],['0']
['云账户技术（天津）有限公司22届秋招开始啦~~~~~'],['2021-09-09'],['73'],['0']
['中国航发涡轮院2022届校园招聘'],['2021-09-09'],['340'],['0']
['浙江时空道宇科技有限公司（吉利卫星）2022校园招聘'],['2021-09-09'],['80'],['0']
['航天772所2022届校园招聘宣讲会'],['2021-09-09'],['385'],['0']
['中国电子科技集团公司第五十二研究所2022秋季校招启动'],['2021-09-09'],['347'],['0']
['深圳市英威腾电气股份有限公司2022校园招聘'],['2021-09-09'],['82'],['0']
['厦门宏发电声股份有限公司2022届校园招聘'],['2021-09-09'],['82'],['0']
['建信金融资产投资有限公司2022年度校园招聘公告'],['2021-09-08'],['113'],['0']
['2022恩斯克秋季校园招聘全面启动'],['2021-09-08'],['99'],['0']
['华南理工大学2021年博士后和专职研究人员'],['2021-09-08'],['87'],['0']
['苏州天准科技股份有限公司 22届空中宣讲会（9月10日18：30）'],['2021-09-08'],['65'],['0']
['苏州天准科技股份有限公司 22届校园招聘（空宣时间9月10日18：30）'],['2021-09-08'],['75'],['0']
['禾望电气2022校园招聘'],['2021-09-08'],['95'],['0']
['亚太星通2022届毕业生招聘'],['2021-09-08'],['84'],['0']
['今伯乐常有，而千里马不常有，希尔电子招兵买马，”尔“敢放马过来？'],['2021-09-08'],['116'],['0']
['重庆中元汇吉-2022届全球校园招聘电子科技大学专场招聘会'],['2021-09-08'],['106'],['0']
['中国科学院长春光学精密机械与物理研究所2021年秋季招聘'],['2021-09-08'],['118'],['0']
['深圳三星通信技术研究有限公司2022届秋季招聘'],['2021-09-08'],['93'],['0']
['浙江钱江机器人有限公司'],['2021-09-08'],['109'],['0']
['易方达基金2022校园招聘'],['2021-09-08'],['160'],['0']
['江苏科技大学2021年诚聘海内外优秀人才'],['2021-09-08'],['90'],['0']
['汇蓉国科2022届梧桐树计划'],['2021-09-08'],['111'],['0']
['牛津（海南）区块链研究院2022毕业生秋季招聘'],['2021-09-08'],['68'],['0']
['成都迈斯派尔半导体有限公司（外资企业）招聘'],['2021-09-08'],['211'],['0']
['河北农业大学2021年选聘博士公告'],['2021-09-08'],['61'],['0']
['华中师范大学化学学院化学生物学中心招聘博士后'],['2021-09-08'],['41'],['0']
['台州学院高等研究院大数据智能医疗研究所招聘启事'],['2021-09-08'],['38'],['0']
['芯原股份2022届校园招聘'],['2021-09-08'],['269'],['0']
['中国建设银行信用卡中心2022年度校园招聘'],['2021-09-08'],['163'],['0']
['深圳市信维通信股份有限公司2022届校园招聘'],['2021-09-08'],['102'],['0']
['KUHAN TECH企业级存储基础设施层的软、硬件关键技术研发——新一代企业级SSD主控芯片（PCIe Gen 5 x 4）和存储底层基础软件'],['2021-09-08'],['104'],['0']
['浙商银行2022校园招聘启事'],['2021-09-08'],['96'],['0']
['青岛鼎信通讯2022届校园招聘信息'],['2021-09-08'],['79'],['0']
['振华风光2022届校园招聘'],['2021-09-08'],['144'],['0']
['中国航空制造技术研究院2022届招聘简章'],['2021-09-08'],['685'],['0']
['江苏医药职业学院高层次人才长期引进计划'],['2021-09-08'],['84'],['0']
['国防科技大学气象海洋学院教学岗位人员招聘公告'],['2021-09-08'],['98'],['0']
['碧桂园集团2022届超级“碧业生”校园招聘全球启动'],['2021-09-08'],['115'],['0']
['深圳基本半导体2022校园招聘'],['2021-09-08'],['149'],['0']
['北京北斗星通导航技术股份有限公司2022届校园招聘'],['2021-09-08'],['170'],['0']
"['碧桂园集团2022届超级""碧业生""校园招聘全球启动']",['2021-09-08'],['64'],['0']
['北京航空航天大学合肥创新研究院'],['2021-09-08'],['114'],['0']
['【成都】Java初级开发工程师【8-12K】/ JAVA开发实习生【4.5-7K】'],['2021-09-08'],['102'],['0']
['释放5G，连接未来— 爱立信2022校园招聘'],['2021-09-08'],['159'],['0']
['科瑞工业自动化系统（苏州）有限公司2022届校园招聘启动'],['2021-09-08'],['111'],['0']
['寻找优秀的你，共筑银河天路 ——广州海格通信集团股份有限公司 2022届秋季校园招聘'],['2021-09-07'],['145'],['0']
['国家超级计算济南中心“百千万”人才工程 诚聘优秀博士'],['2021-09-07'],['82'],['0']
['中国建设银行总部2022年度校园招聘公告'],['2021-09-07'],['208'],['0']
['深圳开立生物医疗科技股份有限公司2022校园招聘'],['2021-09-07'],['108'],['0']
['新希望金融科技2022届校招来啦'],['2021-09-07'],['96'],['0']
['中国航天科技集团八院八〇四所2022届校园招聘'],['2021-09-07'],['330'],['0']
['中车青岛四方车辆研究所有限公司 2022秋季校园招聘公告'],['2021-09-07'],['102'],['0']
['成都华兴大地科技有限公司招聘'],['2021-09-07'],['123'],['0']
['方太集团2022届校园招聘--研发类'],['2021-09-07'],['87'],['0']
['与城市共同成长 ——成都市规划设计研究院2022校园招聘简章'],['2021-09-07'],['107'],['0']
['航天新气象科技有限公司北京分公司2022年校园招聘（航天科工二院二十三所下属公司）'],['2021-09-07'],['115'],['0']
['首都师范大学2021年博士后科研人员招收公告'],['2021-09-07'],['51'],['0']
['桂林航天工业学院2021年博士招聘公告'],['2021-09-07'],['121'],['0']
['中科曙光2022届校园招聘'],['2021-09-07'],['232'],['0']
['泛林集团2022年秋季招聘'],['2021-09-07'],['107'],['0']
['西门子工业边缘校园大使'],['2021-09-07'],['103'],['0']
['中共深圳市光明区委党校2021年9月公开选聘教师公告'],['2021-09-07'],['246'],['0']
['成都国科微电子有限公司2022年校园招聘'],['2021-09-07'],['454'],['0']
['中铁第一勘察设计院集团有限公司2022年电子科技大学招聘信息'],['2021-09-07'],['683'],['0']
['深圳市汉家松鼠网络科技有限公司 招聘信息'],['2021-09-07'],['61'],['0']
['深圳市微源半导体股份有限公司'],['2021-09-07'],['116'],['0']
['北京五一视界数字孪生科技股份公司（51WORLD原51VR）'],['2021-09-07'],['49'],['0']
['“芯梦想 新征程”联芸科技2022届校园招聘空中宣讲会'],['2021-09-07'],['141'],['0']
['资本市场学院2021年招聘工作人员公告'],['2021-09-07'],['52'],['0']
['2022年南京芯视界微电子科技有限公司校园招聘简章'],['2021-09-07'],['108'],['0']
['成都博智互动科技有限公司'],['2021-09-07'],['97'],['0']
['用芯赋能未来出行，黑芝麻智能科技2022校园招聘'],['2021-09-07'],['73'],['0']
['香港中文大学（深圳）诚聘海内外优秀人才'],['2021-09-07'],['57'],['0']
['中国科学院长春应用化学研究所2021年度招聘启事'],['2021-09-07'],['48'],['0']
['成都博智互动科技有限公司'],['2021-09-07'],['120'],['0']
['山东省科学院海洋仪器仪表研究所齐鲁工业大学（山东省科学院）海洋技术科学学院招聘信息'],['2021-09-07'],['64'],['0']
['大熊星座智能科技有限公司校园招聘'],['2021-09-07'],['68'],['0']
['杰瑞股份2022年全球校园招聘'],['2021-09-07'],['136'],['0']
['浙江大学王绪化团队招聘博士后和科研助理'],['2021-09-07'],['58'],['0']
['成方金融信息技术服务有限公司 2022年校园招聘公告'],['2021-09-07'],['77'],['0']
['用芯赋能未来出行，黑芝麻智能科技2022校园招聘'],['2021-09-07'],['91'],['0']
['高层次人才网秋冬季博士专场网络视频双选会'],['2021-09-07'],['92'],['0']
['东方日立（成都）电控设备有限公司2022年校园招聘'],['2021-09-07'],['211'],['0']
['沐曦集成电路2022届校园招聘'],['2021-09-07'],['153'],['0']
['中国移动（上海）产业研究院2022校园招聘正式启动'],['2021-09-07'],['144'],['0']
['寻找爱“迪”生——比亚迪2022届校园招聘'],['2021-09-07'],['197'],['0']
['多益网络2022届秋季校园招聘'],['2021-09-07'],['86'],['0']
['2022智行者-秋季校园招聘'],['2021-09-07'],['97'],['0']
['中国航天科工集团第十研究院2022届校园宣讲会'],['2021-09-07'],['501'],['0']
['启明信息技术股份有限公司2022年校园招聘简章'],['2021-09-06'],['111'],['0']
['芯璨科技招聘芯片研发、软硬件工程师'],['2021-09-06'],['264'],['0']
['粤海水务2022届校园招聘岗位'],['2021-09-06'],['113'],['0']
['重庆邮电大学2021-2022年招聘启事'],['2021-09-06'],['216'],['0']
['重庆工程学院2021年高层次人才招聘简章'],['2021-09-06'],['131'],['0']
['嘉应学院2021-2022年人才引进'],['2021-09-06'],['91'],['0']
['上海思博职业技术学院2021年招聘信息'],['2021-09-06'],['80'],['0']
['北方自动控制技术研究所2022校园招聘'],['2021-09-06'],['173'],['0']
['2022年南京芯视界微电子科技有限公司校园招聘简章'],['2021-09-06'],['53'],['0']
['北京国望—2022届“科研、管理工程师”招募'],['2021-09-06'],['84'],['0']
['中国石油集团工程技术研究院2022届高校毕业生校园招聘公告'],['2021-09-06'],['180'],['0']
['中国电科重庆西南集成电路设计有限责任公司 2022届校园招聘'],['2021-09-06'],['106'],['0']
['苏州华兴源创科技股份有限公司2022校园招聘'],['2021-09-06'],['89'],['0']
['浪潮集团2022届校园招聘简章'],['2021-09-06'],['145'],['0']
['上海集成电路研发中心有限公司 2022年度校园招聘公告'],['2021-09-06'],['54'],['0']
['中国航天科技集团有限公司第八研究院第八一一研究所2022届校园招聘简章'],['2021-09-06'],['387'],['0']
['格灵深瞳2022届校招'],['2021-09-06'],['83'],['0']
['交控科技2022届校园招聘简章'],['2021-09-06'],['127'],['0']
['国微集团（深圳）有限公司2022届毕业生校园招聘简章'],['2021-09-06'],['122'],['0']
['成都新易盛通信2022届校园大使招聘'],['2021-09-06'],['82'],['0']
['2022届杭州飞仕得科技有限公司校园招聘'],['2021-09-06'],['64'],['0']
['常州信息职业技术学院2021年公开招聘高层次人员公告'],['2021-09-06'],['54'],['0']
['逐梦存储，芯耀未来，妙存科技2022届校园招聘正式启动'],['2021-09-06'],['86'],['0']
['海信集团2022届校园招聘简章'],['2021-09-06'],['119'],['0']
['中国网安（含中国电科三十所）2022届校园招聘'],['2021-09-06'],['240'],['0']
['西门子工业边缘实习'],['2021-09-06'],['66'],['0']
['达有作为，发现芯世界——达发科技2022校园招聘'],['2021-09-06'],['99'],['0']
['心所往•光所至 ——苏州长光华芯光电技术股份有限公司22年秋季招聘简章'],['2021-09-06'],['72'],['0']
['巨磁智能【长沙研发中心】2022年秋季校园招聘'],['2021-09-06'],['50'],['0']
['金地集团2022校园代言人招聘简章'],['2021-09-06'],['37'],['0']
['锦Show长安——未来出行，由你定义 长安汽车2022全球校园招聘'],['2021-09-06'],['89'],['0']
['金地集团二〇二二年金鹰计划校园招聘简章'],['2021-09-06'],['47'],['0']
['成都新易盛通信技术股份有限公司2022届校园招聘'],['2021-09-06'],['71'],['0']
['科学出版社成都有限责任公司--实习招聘简章'],['2021-09-06'],['135'],['0']
['烟台东方威思顿电气有限公司2022届校园招聘简章'],['2021-09-06'],['110'],['0']
['南京晓庄学院2021年度公开招聘人才公告'],['2021-09-05'],['131'],['0']
['中国飞行试验研究院2022届校园招聘'],['2021-09-04'],['672'],['0']
['浙江师范大学2021年专任教师招聘公告'],['2021-09-04'],['164'],['0']
['桂林理工大学2021年招聘计划'],['2021-09-04'],['151'],['0']
['兴业银行2022校园招聘公告'],['2021-09-04'],['217'],['0']
['【9月13日空中宣讲】SGS通标：2022届“质优生项目“校招启动'],['2021-09-04'],['137'],['0']
['湖南航天环宇通信科技股份有限公司2022年校园招聘'],['2021-09-04'],['129'],['0']
['2021常州大学诚邀海内外人才共谋发展'],['2021-09-04'],['49'],['0']
['中国兵器工业集团2022校园招聘全面启动'],['2021-09-04'],['812'],['0']
['成都新易盛通信2022校招空中宣讲会'],['2021-09-03'],['152'],['0']
['四川九洲电器集团有限责任公司 2022年度招聘简章'],['2021-09-03'],['508'],['0']
['深信服科技2022届校园招聘成都研究所专项招聘火热招聘中'],['2021-09-03'],['116'],['0']
['光启2022年校园招聘'],['2021-09-03'],['154'],['0']
['成都天奥信息科技有限公司2022年招聘信息'],['2021-09-03'],['251'],['0']
['中共山东省委党校（山东行政学院） 2021年博士后招收公告'],['2021-09-03'],['56'],['0']
['湖南华诺星空电子技术有限公司2022校园招聘'],['2021-09-03'],['74'],['0']
['中国软件2022届校园招聘公告'],['2021-09-03'],['130'],['0']
['中泰证券股份有限公司2022届秋季校园招聘'],['2021-09-03'],['63'],['0']
['深圳麦科田医疗2022届校园招聘会'],['2021-09-03'],['66'],['0']
['广州华商职业学院2021年9月专任教师及辅导员招聘公告'],['2021-09-03'],['46'],['0']
['延安大学2021年教师岗位招聘公告'],['2021-09-03'],['45'],['0']
['方寸之间，科技之上—— 方太集团2022届校园招聘进行中'],['2021-09-03'],['85'],['0']
['感知未来，引领未来 中国电科十三所美泰公司2022校园招聘'],['2021-09-03'],['96'],['0']
['【无线芯未来】CONVENIENTPOWER易冲半导体2022届校园招聘~'],['2021-09-03'],['127'],['0']
['电科9所2021-2022年校园招聘'],['2021-09-02'],['1118'],['0']
['亚控科技22届校园招聘空宣啦'],['2021-09-02'],['211'],['0']
['上海华测导航2022校园招聘'],['2021-09-02'],['163'],['0']
['OPPO 2022届全球校园招聘启动！'],['2021-09-02'],['334'],['0']
['邯郸制药股份有限公司2022届招聘简章'],['2021-09-02'],['81'],['0']
['中国船舶第八研究院（南京）2022届校园招聘'],['2021-09-02'],['229'],['0']
['先临三维2022招聘简章'],['2021-09-02'],['79'],['0']
['中国电子科技集团公司第十四研究所 2022年校园招聘简章'],['2021-09-02'],['474'],['0']
['欣旺达电子股份有限公司2022届校园招聘'],['2021-09-02'],['127'],['0']
['宁德时代2022届全球校园招聘启动！'],['2021-09-02'],['202'],['0']
['中国电子科技集团公司第三十八研究所 2022年度秋季校园招聘简章'],['2021-09-02'],['350'],['0']
['成都国星通信有限公司 2022年校园招聘 北斗“星”招募计划~~~~'],['2021-09-02'],['225'],['0']
['成都辰显光电2022届校园招聘'],['2021-09-02'],['203'],['0']
['杭州国芯科技股份有限公司2022校招'],['2021-09-02'],['185'],['0']
['【9月13日空中宣讲】SGS通标：2022届“质优生项目“全国校招启动'],['2021-09-02'],['55'],['0']
['广州珠江职业技术学院2021年招聘计划'],['2021-09-02'],['52'],['0']
['兰州石化职业技术学院2021年高层次人才(第二批)引进公告'],['2021-09-02'],['55'],['0']
['重庆唯申科技有限公司招聘LABVIEW工程师'],['2021-09-02'],['84'],['0']
['中国船舶集团有限公司第八研究院 （南京·原七二四所）2022届校招简章'],['2021-09-02'],['146'],['0']
['北京理工雷科2022年校园招聘'],['2021-09-02'],['70'],['0']
['通量微芯 别具匠“芯”'],['2021-09-02'],['256'],['0']
['“未”你而来，未尔科技2022年校园招聘火热进行中'],['2021-09-02'],['224'],['0']
['成都新希望金融科技有限公司-2022校招'],['2021-09-02'],['138'],['0']
['中国航天科工二院二十三所2022校园招聘'],['2021-09-02'],['422'],['0']
['西门子磁共振2022校园招聘 电子科技大学宣讲会'],['2021-09-01'],['440'],['0']
['中国建设银行深圳市分行2022年度校园招聘公告'],['2021-09-01'],['170'],['0']
['国家超级计算深圳中心（2021年）诚聘博士后、高级研究员'],['2021-09-01'],['103'],['0']
['【上市公司】北京思特奇信息技术股份有限公司22届校招开启啦'],['2021-09-01'],['95'],['0']
['中国金茂2022届校园招聘公告'],['2021-09-01'],['147'],['0']
['[2022届校招]海康威视-微影传感专线 校园招聘&技术交流会'],['2021-09-01'],['224'],['0']
['新华三集团2022届校园招聘火热开启'],['2021-09-01'],['262'],['0']
['重庆外语外事学院2021年公开招聘人才简章'],['2021-09-01'],['112'],['0']
['广东机电职业技术学院、广东省博士工作站2021年博士研究生招聘公告'],['2021-09-01'],['43'],['0']
['西安工业大学新能源科学与技术研究院招聘简章'],['2021-09-01'],['80'],['0']
['厦门大学嘉庚学院2021-2022学年人才招聘启事'],['2021-09-01'],['53'],['0']
['材料科学姑苏实验室博士后招聘公告'],['2021-09-01'],['40'],['0']
['南京工业大学马克思主义学院诚聘高层次人才'],['2021-09-01'],['55'],['0']
['中国石油川庆钻探工程有限公司2022年校园招聘'],['2021-09-01'],['139'],['0']
['中国石油渤海钻探工程有限公司招聘公告'],['2021-09-01'],['27'],['0']
['通号城市轨道交通技术有限公司2022届毕业生校园招聘'],['2021-09-01'],['97'],['0']
['思远半导体2022届校园招聘'],['2021-09-01'],['145'],['0']
['四川中科成光科技有限公司2021年校园招聘计划与要求'],['2021-09-01'],['229'],['0']
['瑞图生物2022届校园招聘简章'],['2021-09-01'],['79'],['0']
['海澜未来领军型人才-2022海澜商学院凤凰计划招聘'],['2021-09-01'],['59'],['0']
['芯天下2022年校园招聘简章'],['2021-09-01'],['149'],['0']
['英集芯2022届校园招聘'],['2021-09-01'],['158'],['0']
['亿智电子科技22届校招'],['2021-09-01'],['117'],['0']
['深圳邦健生物医疗设备股份有限公司2022届校园招聘'],['2021-09-01'],['64'],['0']
['中国电子科技集团公司第五十三研究所 2022年毕业生招聘计划'],['2021-09-01'],['325'],['0']
['中国计量大学工业与商贸计量技术研究所博士人才招聘'],['2021-09-01'],['52'],['0']
['理邦2022秋季校园招聘盛大启动！'],['2021-09-01'],['64'],['0']
['滁州学院2021年度硕士研究生招聘公告'],['2021-09-01'],['49'],['0']
['滨州学院诚聘海内外优秀人才'],['2021-09-01'],['56'],['0']
['季华实验室2022届应届毕业生 校园招聘公告'],['2021-09-01'],['239'],['0']
['成都索贝数码科技股份有限公司 2022校招招聘简章'],['2021-09-01'],['198'],['0']
['中电十所 2022届秋季提前批校园招聘简章'],['2021-09-01'],['819'],['0']
['华夏银行股份有限公司重庆分行2021年秋季校园招聘启事'],['2021-09-01'],['145'],['0']
['巨磁智能【长沙研发中心】2022年秋季校园招聘'],['2021-09-01'],['119'],['0']
